Country,TimeStemp,Product,Deliver,Celluar,Size,Colors
Us,2020-09-21,AppleWatch6,7–8 weeks,GPS,40mm,
Us,2020-09-21,AppleWatch6,7–8 weeks,GPS+Celluar,40mm,
Us,2020-09-21,AppleWatch6,7–8 weeks,GPS,44mm,
Us,2020-09-21,AppleWatch6,7–8 weeks,GPS+Celluar,44mm,
Us,2020-09-21,AppleWatchSE,2–4 business days,GPS,40mm,
Us,2020-09-21,AppleWatchSE,2–4 business days,GPS+Celluar,40mm,
Us,2020-09-21,AppleWatchSE,2–4 business days,GPS,44mm,
Us,2020-09-21,AppleWatchSE,2–4 business days,GPS+Celluar,44mm,
Us,2020-09-21,iPad2020,7–10 business days,Wifi,32GB,Gray
Us,2020-09-21,iPad2020,5–7 business days,Wifi+Celluar,32GB,Gray
Us,2020-09-21,iPad2020,5–7 business days,Wifi,128GB,Gray
Us,2020-09-21,iPad2020,7–10 business days,Wifi+Celluar,128GB,Gray
Us,2020-09-21,iPad2020,5–7 business days,Wifi,32GB,Silver
Us,2020-09-21,iPad2020,7–10 business days,Wifi+Celluar,32GB,Silver
Us,2020-09-21,iPad2020,5–7 business days,Wifi,128GB,Silver
Us,2020-09-21,iPad2020,2–3 weeks,Wifi+Celluar,128GB,Silver
Us,2020-09-21,iPad2020,7–10 business days,Wifi,32GB,Gold
Us,2020-09-21,iPad2020,5–7 business days,Wifi+Celluar,32GB,Gold
Us,2020-09-21,iPad2020,5–7 business days,Wifi,128GB,Gold
Us,2020-09-21,iPad2020,7–10 business days,Wifi+Celluar,128GB,Gold
Us,2020-09-21,iPadAir2020,Currently unavailable,Wifi+Celluar,64GB,Gray
Us,2020-09-21,iPadAir2020,Currently unavailable,Wifi+Celluar,64GB,Gray
Us,2020-09-21,iPadAir2020,Currently unavailable,Wifi,256GB,Gray
Us,2020-09-21,iPadAir2020,Currently unavailable,Wifi+Celluar,256GB,Gray
Us,2020-09-21,iPadAir2020,Currently unavailable,Wifi,64GB,Silver
Us,2020-09-21,iPadAir2020,Currently unavailable,Wifi+Celluar,64GB,Silver
Us,2020-09-21,iPadAir2020,Currently unavailable,Wifi,256GB,Silver
Us,2020-09-21,iPadAir2020,Currently unavailable,Wifi+Celluar,256GB,Silver
Us,2020-09-21,iPadAir2020,Currently unavailable,Wifi,64GB,Gold
Us,2020-09-21,iPadAir2020,Currently unavailable,Wifi+Celluar,64GB,Gold
Us,2020-09-21,iPadAir2020,Currently unavailable,Wifi,256GB,Gold
Us,2020-09-21,iPadAir2020,Currently unavailable,Wifi+Celluar,256GB,Gold
Us,2020-09-21,iPadAir2020,Currently unavailable,Wifi,64GB,Green
Us,2020-09-21,iPadAir2020,Currently unavailable,Wifi+Celluar,64GB,Green
Us,2020-09-21,iPadAir2020,Currently unavailable,Wifi,256GB,Green
Us,2020-09-21,iPadAir2020,Currently unavailable,Wifi+Celluar,256GB,Green
Us,2020-09-21,iPadAir2020,Currently unavailable,Wifi,64GB,Blue
Us,2020-09-21,iPadAir2020,Currently unavailable,Wifi+Celluar,64GB,Blue
Us,2020-09-21,iPadAir2020,Currently unavailable,Wifi,256GB,Blue
Us,2020-09-21,iPadAir2020,Currently unavailable,Wifi+Celluar,256GB,Blue
Tw,2020-09-21,iPad2020,暫未發售,Wifi,32GB,Gray
Tw,2020-09-21,iPad2020,暫未發售,Wifi+Celluar,32GB,Gray
Tw,2020-09-21,iPad2020,暫未發售,Wifi,128GB,Gray
Tw,2020-09-21,iPad2020,暫未發售,Wifi+Celluar,128GB,Gray
Tw,2020-09-21,iPad2020,暫未發售,Wifi,32GB,Silver
Tw,2020-09-21,iPad2020,暫未發售,Wifi+Celluar,32GB,Gray
Tw,2020-09-21,iPad2020,暫未發售,Wifi,128GB,Silver
Tw,2020-09-21,iPad2020,暫未發售,Wifi+Celluar,128GB,Silver
Tw,2020-09-21,iPad2020,暫未發售,Wifi,32GB,Gold
Tw,2020-09-21,iPad2020,暫未發售,Wifi+Celluar,32GB,Gold
Tw,2020-09-21,iPad2020,暫未發售,Wifi,128GB,Gold
Tw,2020-09-21,iPad2020,暫未發售,Wifi+Celluar,128GB,Gold
Cn,2020-09-21,iPad2020,7-10 个工作日,Wifi,32GB,Gray
Cn,2020-09-21,iPad2020,暂未发售,Wifi+Celluar,32GB,Gray
Cn,2020-09-21,iPad2020,7-10 个工作日,Wifi,128GB,Gray
Cn,2020-09-21,iPad2020,暂未发售,Wifi+Celluar,128GB,Gray
Cn,2020-09-21,iPad2020,7-10 个工作日,Wifi,32GB,Silver
Cn,2020-09-21,iPad2020,暂未发售,Wifi+Celluar,32GB,Silver
Cn,2020-09-21,iPad2020,7-10 个工作日,Wifi,128GB,Silver
Cn,2020-09-21,iPad2020,暂未发售,Wifi+Celluar,128GB,Silver
Cn,2020-09-21,iPad2020,7-10 个工作日,Wifi,32GB,Gold
Cn,2020-09-21,iPad2020,暂未发售,Wifi+Celluar,32GB,Gold
Cn,2020-09-21,iPad2020,7-10 个工作日,Wifi,128GB,Gold
Cn,2020-09-21,iPad2020,暂未发售,Wifi+Celluar,128GB,Gold
Jp,2020-09-21,iPad2020,5〜7営業日,Wifi,32GB,Gray
Jp,2020-09-21,iPad2020,5〜7営業日,Wifi+Celluar,32GB,Gray
Jp,2020-09-21,iPad2020,7〜10営業日,Wifi,128GB,Gray
Jp,2020-09-21,iPad2020,5〜7営業日,Wifi+Celluar,128GB,Gray
Jp,2020-09-21,iPad2020,5〜7営業日,Wifi,32GB,Silver
Jp,2020-09-21,iPad2020,5〜7営業日,Wifi+Celluar,32GB,Silver
Jp,2020-09-21,iPad2020,2〜3週間,Wifi,128GB,Silver
Jp,2020-09-21,iPad2020,5〜7営業日,Wifi+Celluar,128GB,Silver
Jp,2020-09-21,iPad2020,5〜7営業日,Wifi,32GB,Gold
Jp,2020-09-21,iPad2020,7〜10営業日,Wifi+Celluar,32GB,Gold
Jp,2020-09-21,iPad2020,5〜7営業日,Wifi,128GB,Gold
Jp,2020-09-21,iPad2020,7〜10営業日,Wifi+Celluar,128GB,Gold
Hk,2020-09-21,iPad2020,10/10/2020 - 17/10/2020 – Free,Wifi,32GB,Gray
Hk,2020-09-21,iPad2020,03/10/2020 - 06/10/2020 – Free,Wifi+Celluar,32GB,Gray
Hk,2020-09-21,iPad2020,10/10/2020 - 17/10/2020 – Free,Wifi,128GB,Gray
Hk,2020-09-21,iPad2020,06/10/2020 - 10/10/2020 – Free,Wifi+Celluar,128GB,Gray
Hk,2020-09-21,iPad2020,10/10/2020 - 17/10/2020 – Free,Wifi,32GB,Silver
Hk,2020-09-21,iPad2020,03/10/2020 - 06/10/2020 – Free,Wifi+Celluar,32GB,Silver
Hk,2020-09-21,iPad2020,10/10/2020 - 17/10/2020 – Free,Wifi,128GB,Silver
Hk,2020-09-21,iPad2020,03/10/2020 - 06/10/2020 – Free,Wifi+Celluar,128GB,Silver
Hk,2020-09-21,iPad2020,10/10/2020 - 17/10/2020 – Free,Wifi,32GB,Gold
Hk,2020-09-21,iPad2020,03/10/2020 - 06/10/2020 – Free,Wifi+Celluar,32GB,Gold
Hk,2020-09-21,iPad2020,10/10/2020 - 17/10/2020 – Free,Wifi,128GB,Gold
Hk,2020-09-21,iPad2020,03/10/2020 - 06/10/2020 – Free,Wifi+Celluar,128GB,Gold
Uk,2020-09-21,iPad2020,6 Oct - 13 Oct – Free,Wifi,32GB,Gray
Uk,2020-09-21,iPad2020,29 Sep - 1 Oct – Free,Wifi+Celluar,32GB,Gray
Uk,2020-09-21,iPad2020,6 Oct - 13 Oct – Free,Wifi,128GB,Gray
Uk,2020-09-21,iPad2020,29 Sep - 1 Oct – Free,Wifi+Celluar,128GB,Gray
Uk,2020-09-21,iPad2020,6 Oct - 13 Oct – Free,Wifi,32GB,Silver
Uk,2020-09-21,iPad2020,29 Sep - 1 Oct – Free,Wifi+Celluar,32GB,Silver
Uk,2020-09-21,iPad2020,1 Oct - 6 Oct – Free,Wifi,128GB,Silver
Uk,2020-09-21,iPad2020,29 Sep - 1 Oct – Free,Wifi+Celluar,128GB,Silver
Uk,2020-09-21,iPad2020,13 Oct - 20 Oct – Free,Wifi,32GB,Gold
Uk,2020-09-21,iPad2020,6 Oct - 13 Oct – Free,Wifi+Celluar,32GB,Gold
Uk,2020-09-21,iPad2020,6 Oct - 13 Oct – Free,Wifi,128GB,Gold
Uk,2020-09-21,iPad2020,29 Sep - 1 Oct – Free,Wifi+Celluar,128GB,Gold
De,2020-09-21,iPad2020,2 Okt - 7 Okt – Kostenlos,Wifi,32GB,Gray
De,2020-09-21,iPad2020,30 Sep - 2 Okt – Kostenlos,Wifi+Celluar,32GB,Gray
De,2020-09-21,iPad2020,7 Okt - 14 Okt – Kostenlos,Wifi,128GB,Gray
De,2020-09-21,iPad2020,30 Sep - 2 Okt – Kostenlos,Wifi+Celluar,128GB,Gray
De,2020-09-21,iPad2020,2 Okt - 7 Okt – Kostenlos,Wifi,32GB,Silver
De,2020-09-21,iPad2020,30 Sep - 2 Okt – Kostenlos,Wifi+Celluar,32GB,Silver
De,2020-09-21,iPad2020,7 Okt - 14 Okt – Kostenlos,Wifi,128GB,Silver
De,2020-09-21,iPad2020,30 Sep - 2 Okt – Kostenlos,Wifi+Celluar,128GB,Silver
De,2020-09-21,iPad2020,30 Sep - 2 Okt – Kostenlos,Wifi,32GB,Gold
De,2020-09-21,iPad2020,30 Sep - 2 Okt – Kostenlos,Wifi+Celluar,32GB,Gold
De,2020-09-21,iPad2020,2 Okt - 7 Okt – Kostenlos,Wifi,128GB,Gold
De,2020-09-21,iPad2020,30 Sep - 2 Okt – Kostenlos,Wifi+Celluar,128GB,Gold
Ru,2020-09-21,iPad2020,в настоящее время недоступно,Wifi,32GB,Gray
Ru,2020-09-21,iPad2020,в настоящее время недоступно,Wifi+Celluar,32GB,Gray
Ru,2020-09-21,iPad2020,в настоящее время недоступно,Wifi,128GB,Gray
Ru,2020-09-21,iPad2020,в настоящее время недоступно,Wifi+Celluar,128GB,Gray
Ru,2020-09-21,iPad2020,в настоящее время недоступно,Wifi,32GB,Silver
Ru,2020-09-21,iPad2020,в настоящее время недоступно,Wifi+Celluar,32GB,Silver
Ru,2020-09-21,iPad2020,в настоящее время недоступно,Wifi,128GB,Silver
Ru,2020-09-21,iPad2020,в настоящее время недоступно,Wifi+Celluar,128GB,Silver
Ru,2020-09-21,iPad2020,в настоящее время недоступно,Wifi,32GB,Gold
Ru,2020-09-21,iPad2020,в настоящее время недоступно,Wifi+Celluar,32GB,Gold
Ru,2020-09-21,iPad2020,в настоящее время недоступно,Wifi,128GB,Gold
Ru,2020-09-21,iPad2020,в настоящее время недоступно,Wifi+Celluar,128GB,Gold
Fr,2020-09-21,iPad2020,1 Oct. - 6 Oct. – Gratuite,Wifi,32GB,Gray
Fr,2020-09-21,iPad2020,29 Sept. - 1 Oct. – Gratuite,Wifi+Celluar,32GB,Gray
Fr,2020-09-21,iPad2020,29 Sept. - 1 Oct. – Gratuite,Wifi,128GB,Gray
Fr,2020-09-21,iPad2020,29 Sept. - 1 Oct. – Gratuite,Wifi+Celluar,128GB,Gray
Fr,2020-09-21,iPad2020,29 Sept. - 1 Oct. – Gratuite,Wifi,32GB,Silver
Fr,2020-09-21,iPad2020,29 Sept. - 1 Oct. – Gratuite,Wifi+Celluar,32GB,Silver
Fr,2020-09-21,iPad2020,29 Sept. - 1 Oct. – Gratuite,Wifi,128GB,Silver
Fr,2020-09-21,iPad2020,29 Sept. - 1 Oct. – Gratuite,Wifi+Celluar,128GB,Silver
Fr,2020-09-21,iPad2020,29 Sept. - 1 Oct. – Gratuite,Wifi,32GB,Gold
Fr,2020-09-21,iPad2020,29 Sept. - 1 Oct. – Gratuite,Wifi+Celluar,32GB,Gold
Fr,2020-09-21,iPad2020,29 Sept. - 1 Oct. – Gratuite,Wifi,128GB,Gold
Fr,2020-09-21,iPad2020,29 Sept. - 1 Oct. – Gratuite,Wifi+Celluar,128GB,Gold
Tw,2020-09-21,iPadAir2020,暫未發售,Wifi+Celluar,64GB,Gray
Tw,2020-09-21,iPadAir2020,暫未發售,Wifi+Celluar,64GB,Gray
Tw,2020-09-21,iPadAir2020,暫未發售,Wifi,256GB,Gray
Tw,2020-09-21,iPadAir2020,暫未發售,Wifi+Celluar,256GB,Gray
Tw,2020-09-21,iPadAir2020,暫未發售,Wifi,64GB,Silver
Tw,2020-09-21,iPadAir2020,暫未發售,Wifi+Celluar,64GB,Silver
Tw,2020-09-21,iPadAir2020,暫未發售,Wifi,256GB,Silver
Tw,2020-09-21,iPadAir2020,暫未發售,Wifi+Celluar,256GB,Silver
Tw,2020-09-21,iPadAir2020,暫未發售,Wifi,64GB,Gold
Tw,2020-09-21,iPadAir2020,暫未發售,Wifi+Celluar,64GB,Gold
Tw,2020-09-21,iPadAir2020,暫未發售,Wifi,256GB,Gold
Tw,2020-09-21,iPadAir2020,暫未發售,Wifi+Celluar,256GB,Gold
Tw,2020-09-21,iPadAir2020,暫未發售,Wifi,64GB,Green
Tw,2020-09-21,iPadAir2020,暫未發售,Wifi+Celluar,64GB,Green
Tw,2020-09-21,iPadAir2020,暫未發售,Wifi,256GB,Green
Tw,2020-09-21,iPadAir2020,暫未發售,Wifi+Celluar,256GB,Green
Tw,2020-09-21,iPadAir2020,暫未發售,Wifi,64GB,Blue
Tw,2020-09-21,iPadAir2020,暫未發售,Wifi+Celluar,64GB,Blue
Tw,2020-09-21,iPadAir2020,暫未發售,Wifi,256GB,Blue
Tw,2020-09-21,iPadAir2020,暫未發售,Wifi+Celluar,256GB,Blue
Cn,2020-09-21,iPadAir2020,暂未发售,Wifi+Celluar,64GB,Gray
Cn,2020-09-21,iPadAir2020,暂未发售,Wifi+Celluar,64GB,Gray
Cn,2020-09-21,iPadAir2020,暂未发售,Wifi,256GB,Gray
Cn,2020-09-21,iPadAir2020,暂未发售,Wifi+Celluar,256GB,Gray
Cn,2020-09-21,iPadAir2020,暂未发售,Wifi,64GB,Silver
Cn,2020-09-21,iPadAir2020,暂未发售,Wifi+Celluar,64GB,Silver
Cn,2020-09-21,iPadAir2020,暂未发售,Wifi,256GB,Silver
Cn,2020-09-21,iPadAir2020,暂未发售,Wifi+Celluar,256GB,Silver
Cn,2020-09-21,iPadAir2020,暂未发售,Wifi,64GB,Gold
Cn,2020-09-21,iPadAir2020,暂未发售,Wifi+Celluar,64GB,Gold
Cn,2020-09-21,iPadAir2020,暂未发售,Wifi,256GB,Gold
Cn,2020-09-21,iPadAir2020,暂未发售,Wifi+Celluar,256GB,Gold
Cn,2020-09-21,iPadAir2020,暂未发售,Wifi,64GB,Green
Cn,2020-09-21,iPadAir2020,暂未发售,Wifi+Celluar,64GB,Green
Cn,2020-09-21,iPadAir2020,暂未发售,Wifi,256GB,Green
Cn,2020-09-21,iPadAir2020,暂未发售,Wifi+Celluar,256GB,Green
Cn,2020-09-21,iPadAir2020,暂未发售,Wifi,64GB,Blue
Cn,2020-09-21,iPadAir2020,暂未发售,Wifi+Celluar,64GB,Blue
Cn,2020-09-21,iPadAir2020,暂未发售,Wifi,256GB,Blue
Cn,2020-09-21,iPadAir2020,暂未发售,Wifi+Celluar,256GB,Blue
Jp,2020-09-21,iPadAir2020,現在注文できません,Wifi+Celluar,64GB,Gray
Jp,2020-09-21,iPadAir2020,現在注文できません,Wifi+Celluar,64GB,Gray
Jp,2020-09-21,iPadAir2020,現在注文できません,Wifi,256GB,Gray
Jp,2020-09-21,iPadAir2020,現在注文できません,Wifi+Celluar,256GB,Gray
Jp,2020-09-21,iPadAir2020,現在注文できません,Wifi,64GB,Silver
Jp,2020-09-21,iPadAir2020,現在注文できません,Wifi+Celluar,64GB,Silver
Jp,2020-09-21,iPadAir2020,現在注文できません,Wifi,256GB,Silver
Jp,2020-09-21,iPadAir2020,現在注文できません,Wifi+Celluar,256GB,Silver
Jp,2020-09-21,iPadAir2020,現在注文できません,Wifi,64GB,Gold
Jp,2020-09-21,iPadAir2020,現在注文できません,Wifi+Celluar,64GB,Gold
Jp,2020-09-21,iPadAir2020,現在注文できません,Wifi,256GB,Gold
Jp,2020-09-21,iPadAir2020,現在注文できません,Wifi+Celluar,256GB,Gold
Jp,2020-09-21,iPadAir2020,現在注文できません,Wifi,64GB,Green
Jp,2020-09-21,iPadAir2020,現在注文できません,Wifi+Celluar,64GB,Green
Jp,2020-09-21,iPadAir2020,現在注文できません,Wifi,256GB,Green
Jp,2020-09-21,iPadAir2020,現在注文できません,Wifi+Celluar,256GB,Green
Jp,2020-09-21,iPadAir2020,現在注文できません,Wifi,64GB,Blue
Jp,2020-09-21,iPadAir2020,現在注文できません,Wifi+Celluar,64GB,Blue
Jp,2020-09-21,iPadAir2020,現在注文できません,Wifi,256GB,Blue
Jp,2020-09-21,iPadAir2020,現在注文できません,Wifi+Celluar,256GB,Blue
Hk,2020-09-21,iPadAir2020,Currently unavailable,Wifi+Celluar,64GB,Gray
Hk,2020-09-21,iPadAir2020,Currently unavailable,Wifi+Celluar,64GB,Gray
Hk,2020-09-21,iPadAir2020,Currently unavailable,Wifi,256GB,Gray
Hk,2020-09-21,iPadAir2020,Currently unavailable,Wifi+Celluar,256GB,Gray
Hk,2020-09-21,iPadAir2020,Currently unavailable,Wifi,64GB,Silver
Hk,2020-09-21,iPadAir2020,Currently unavailable,Wifi+Celluar,64GB,Silver
Hk,2020-09-21,iPadAir2020,Currently unavailable,Wifi,256GB,Silver
Hk,2020-09-21,iPadAir2020,Currently unavailable,Wifi+Celluar,256GB,Silver
Hk,2020-09-21,iPadAir2020,Currently unavailable,Wifi,64GB,Gold
Hk,2020-09-21,iPadAir2020,Currently unavailable,Wifi+Celluar,64GB,Gold
Hk,2020-09-21,iPadAir2020,Currently unavailable,Wifi,256GB,Gold
Hk,2020-09-21,iPadAir2020,Currently unavailable,Wifi+Celluar,256GB,Gold
Hk,2020-09-21,iPadAir2020,Currently unavailable,Wifi,64GB,Green
Hk,2020-09-21,iPadAir2020,Currently unavailable,Wifi+Celluar,64GB,Green
Hk,2020-09-21,iPadAir2020,Currently unavailable,Wifi,256GB,Green
Hk,2020-09-21,iPadAir2020,Currently unavailable,Wifi+Celluar,256GB,Green
Hk,2020-09-21,iPadAir2020,Currently unavailable,Wifi,64GB,Blue
Hk,2020-09-21,iPadAir2020,Currently unavailable,Wifi+Celluar,64GB,Blue
Hk,2020-09-21,iPadAir2020,Currently unavailable,Wifi,256GB,Blue
Hk,2020-09-21,iPadAir2020,Currently unavailable,Wifi+Celluar,256GB,Blue
Uk,2020-09-21,iPadAir2020,Currently unavailable,Wifi+Celluar,64GB,Gray
Uk,2020-09-21,iPadAir2020,Currently unavailable,Wifi+Celluar,64GB,Gray
Uk,2020-09-21,iPadAir2020,Currently unavailable,Wifi,256GB,Gray
Uk,2020-09-21,iPadAir2020,Currently unavailable,Wifi+Celluar,256GB,Gray
Uk,2020-09-21,iPadAir2020,Currently unavailable,Wifi,64GB,Silver
Uk,2020-09-21,iPadAir2020,Currently unavailable,Wifi+Celluar,64GB,Silver
Uk,2020-09-21,iPadAir2020,Currently unavailable,Wifi,256GB,Silver
Uk,2020-09-21,iPadAir2020,Currently unavailable,Wifi+Celluar,256GB,Silver
Uk,2020-09-21,iPadAir2020,Currently unavailable,Wifi,64GB,Gold
Uk,2020-09-21,iPadAir2020,Currently unavailable,Wifi+Celluar,64GB,Gold
Uk,2020-09-21,iPadAir2020,Currently unavailable,Wifi,256GB,Gold
Uk,2020-09-21,iPadAir2020,Currently unavailable,Wifi+Celluar,256GB,Gold
Uk,2020-09-21,iPadAir2020,Currently unavailable,Wifi,64GB,Green
Uk,2020-09-21,iPadAir2020,Currently unavailable,Wifi+Celluar,64GB,Green
Uk,2020-09-21,iPadAir2020,Currently unavailable,Wifi,256GB,Green
Uk,2020-09-21,iPadAir2020,Currently unavailable,Wifi+Celluar,256GB,Green
Uk,2020-09-21,iPadAir2020,Currently unavailable,Wifi,64GB,Blue
Uk,2020-09-21,iPadAir2020,Currently unavailable,Wifi+Celluar,64GB,Blue
Uk,2020-09-21,iPadAir2020,Currently unavailable,Wifi,256GB,Blue
Uk,2020-09-21,iPadAir2020,Currently unavailable,Wifi+Celluar,256GB,Blue
De,2020-09-21,iPadAir2020,Derzeit nicht verfügbar,Wifi+Celluar,64GB,Gray
De,2020-09-21,iPadAir2020,Derzeit nicht verfügbar,Wifi+Celluar,64GB,Gray
De,2020-09-21,iPadAir2020,Derzeit nicht verfügbar,Wifi,256GB,Gray
De,2020-09-21,iPadAir2020,Derzeit nicht verfügbar,Wifi+Celluar,256GB,Gray
De,2020-09-21,iPadAir2020,Derzeit nicht verfügbar,Wifi,64GB,Silver
De,2020-09-21,iPadAir2020,Derzeit nicht verfügbar,Wifi+Celluar,64GB,Silver
De,2020-09-21,iPadAir2020,Derzeit nicht verfügbar,Wifi,256GB,Silver
De,2020-09-21,iPadAir2020,Derzeit nicht verfügbar,Wifi+Celluar,256GB,Silver
De,2020-09-21,iPadAir2020,Derzeit nicht verfügbar,Wifi,64GB,Gold
De,2020-09-21,iPadAir2020,Derzeit nicht verfügbar,Wifi+Celluar,64GB,Gold
De,2020-09-21,iPadAir2020,Derzeit nicht verfügbar,Wifi,256GB,Gold
De,2020-09-21,iPadAir2020,Derzeit nicht verfügbar,Wifi+Celluar,256GB,Gold
De,2020-09-21,iPadAir2020,Derzeit nicht verfügbar,Wifi,64GB,Green
De,2020-09-21,iPadAir2020,Derzeit nicht verfügbar,Wifi+Celluar,64GB,Green
De,2020-09-21,iPadAir2020,Derzeit nicht verfügbar,Wifi,256GB,Green
De,2020-09-21,iPadAir2020,Derzeit nicht verfügbar,Wifi+Celluar,256GB,Green
De,2020-09-21,iPadAir2020,Derzeit nicht verfügbar,Wifi,64GB,Blue
De,2020-09-21,iPadAir2020,Derzeit nicht verfügbar,Wifi+Celluar,64GB,Blue
De,2020-09-21,iPadAir2020,Derzeit nicht verfügbar,Wifi,256GB,Blue
De,2020-09-21,iPadAir2020,Derzeit nicht verfügbar,Wifi+Celluar,256GB,Blue
Ru,2020-09-21,iPadAir2020,В настоящее время недоступно,Wifi+Celluar,64GB,Gray
Ru,2020-09-21,iPadAir2020,В настоящее время недоступно,Wifi+Celluar,64GB,Gray
Ru,2020-09-21,iPadAir2020,В настоящее время недоступно,Wifi,256GB,Gray
Ru,2020-09-21,iPadAir2020,В настоящее время недоступно,Wifi+Celluar,256GB,Gray
Ru,2020-09-21,iPadAir2020,В настоящее время недоступно,Wifi,64GB,Silver
Ru,2020-09-21,iPadAir2020,В настоящее время недоступно,Wifi+Celluar,64GB,Silver
Ru,2020-09-21,iPadAir2020,В настоящее время недоступно,Wifi,256GB,Silver
Ru,2020-09-21,iPadAir2020,В настоящее время недоступно,Wifi+Celluar,256GB,Silver
Ru,2020-09-21,iPadAir2020,В настоящее время недоступно,Wifi,64GB,Gold
Ru,2020-09-21,iPadAir2020,В настоящее время недоступно,Wifi+Celluar,64GB,Gold
Ru,2020-09-21,iPadAir2020,В настоящее время недоступно,Wifi,256GB,Gold
Ru,2020-09-21,iPadAir2020,В настоящее время недоступно,Wifi+Celluar,256GB,Gold
Ru,2020-09-21,iPadAir2020,В настоящее время недоступно,Wifi,64GB,Green
Ru,2020-09-21,iPadAir2020,В настоящее время недоступно,Wifi+Celluar,64GB,Green
Ru,2020-09-21,iPadAir2020,В настоящее время недоступно,Wifi,256GB,Green
Ru,2020-09-21,iPadAir2020,В настоящее время недоступно,Wifi+Celluar,256GB,Green
Ru,2020-09-21,iPadAir2020,В настоящее время недоступно,Wifi,64GB,Blue
Ru,2020-09-21,iPadAir2020,В настоящее время недоступно,Wifi+Celluar,64GB,Blue
Ru,2020-09-21,iPadAir2020,В настоящее время недоступно,Wifi,256GB,Blue
Ru,2020-09-21,iPadAir2020,В настоящее время недоступно,Wifi+Celluar,256GB,Blue
Fr,2020-09-21,iPadAir2020,Non disponible actuellement,Wifi+Celluar,64GB,Gray
Fr,2020-09-21,iPadAir2020,Non disponible actuellement,Wifi+Celluar,64GB,Gray
Fr,2020-09-21,iPadAir2020,Non disponible actuellement,Wifi,256GB,Gray
Fr,2020-09-21,iPadAir2020,Non disponible actuellement,Wifi+Celluar,256GB,Gray
Fr,2020-09-21,iPadAir2020,Non disponible actuellement,Wifi,64GB,Silver
Fr,2020-09-21,iPadAir2020,Non disponible actuellement,Wifi+Celluar,64GB,Silver
Fr,2020-09-21,iPadAir2020,Non disponible actuellement,Wifi,256GB,Silver
Fr,2020-09-21,iPadAir2020,Non disponible actuellement,Wifi+Celluar,256GB,Silver
Fr,2020-09-21,iPadAir2020,Non disponible actuellement,Wifi,64GB,Gold
Fr,2020-09-21,iPadAir2020,Non disponible actuellement,Wifi+Celluar,64GB,Gold
Fr,2020-09-21,iPadAir2020,Non disponible actuellement,Wifi,256GB,Gold
Fr,2020-09-21,iPadAir2020,Non disponible actuellement,Wifi+Celluar,256GB,Gold
Fr,2020-09-21,iPadAir2020,Non disponible actuellement,Wifi,64GB,Green
Fr,2020-09-21,iPadAir2020,Non disponible actuellement,Wifi+Celluar,64GB,Green
Fr,2020-09-21,iPadAir2020,Non disponible actuellement,Wifi,256GB,Green
Fr,2020-09-21,iPadAir2020,Non disponible actuellement,Wifi+Celluar,256GB,Green
Fr,2020-09-21,iPadAir2020,Non disponible actuellement,Wifi,64GB,Blue
Fr,2020-09-21,iPadAir2020,Non disponible actuellement,Wifi+Celluar,64GB,Blue
Fr,2020-09-21,iPadAir2020,Non disponible actuellement,Wifi,256GB,Blue
Fr,2020-09-21,iPadAir2020,Non disponible actuellement,Wifi+Celluar,256GB,Blue
Tw,2020-09-21,AppleWatch6,7-8 週,GPS,40mm,
Tw,2020-09-21,AppleWatch6,7-8 週,GPS+Celluar,40mm,
Tw,2020-09-21,AppleWatch6,7-8 週,GPS,44mm,
Tw,2020-09-21,AppleWatch6,7-8 週,GPS+Celluar,44mm,
Cn,2020-09-21,AppleWatch6,7-8 周,GPS,40mm,
Cn,2020-09-21,AppleWatch6,7-8 周,GPS+Celluar,40mm,
Cn,2020-09-21,AppleWatch6,7-8 周,GPS,44mm,
Cn,2020-09-21,AppleWatch6,7-8 周,GPS+Celluar,44mm,
Jp,2020-09-21,AppleWatch6,7〜8週間,GPS,40mm,
Jp,2020-09-21,AppleWatch6,7〜8週間,GPS+Celluar,40mm,
Jp,2020-09-21,AppleWatch6,7〜8週間,GPS,44mm,
Jp,2020-09-21,AppleWatch6,7〜8週間,GPS+Celluar,44mm,
Hk,2020-09-21,AppleWatch6,16/11/2020 - 21/11/2020 – Free,GPS,40mm,
Hk,2020-09-21,AppleWatch6,16/11/2020 - 21/11/2020 – Free,GPS+Celluar,40mm,
Hk,2020-09-21,AppleWatch6,16/11/2020 - 21/11/2020 – Free,GPS,44mm,
Hk,2020-09-21,AppleWatch6,16/11/2020 - 21/11/2020 – Free,GPS+Celluar,44mm,
Uk,2020-09-21,AppleWatch6,17 Nov - 23 Nov – Free,GPS,40mm,
Uk,2020-09-21,AppleWatch6,17 Nov - 23 Nov – Free,GPS+Celluar,40mm,
Uk,2020-09-21,AppleWatch6,17 Nov - 23 Nov – Free,GPS,44mm,
Uk,2020-09-21,AppleWatch6,17 Nov - 23 Nov – Free,GPS+Celluar,44mm,
De,2020-09-21,AppleWatch6,17 Nov - 23 Nov – Kostenlos,GPS,40mm,
De,2020-09-21,AppleWatch6,17 Nov - 23 Nov – Kostenlos,GPS+Celluar,40mm,
De,2020-09-21,AppleWatch6,17 Nov - 23 Nov – Kostenlos,GPS,44mm,
De,2020-09-21,AppleWatch6,17 Nov - 23 Nov – Kostenlos,GPS+Celluar,44mm,
Fr,2020-09-21,AppleWatch6,18 Nov. - 23 Nov. – Gratuite,GPS,40mm,
Fr,2020-09-21,AppleWatch6,18 Nov. - 23 Nov. – Gratuite,GPS+Celluar,40mm,
Fr,2020-09-21,AppleWatch6,18 Nov. - 23 Nov. – Gratuite,GPS,44mm,
Fr,2020-09-21,AppleWatch6,18 Nov. - 23 Nov. – Gratuite,GPS+Celluar,44mm,
Tw,2020-09-21,AppleWatchSE,3-4 週,GPS,40mm,
Tw,2020-09-21,AppleWatchSE,3-4 週,GPS+Celluar,40mm,
Tw,2020-09-21,AppleWatchSE,3-4 週,GPS,44mm,
Tw,2020-09-21,AppleWatchSE,3-4 週,GPS+Celluar,44mm,
Cn,2020-09-21,AppleWatchSE,4-6 个工作日,GPS,40mm,
Cn,2020-09-21,AppleWatchSE,3-4 周,GPS+Celluar,40mm,
Cn,2020-09-21,AppleWatchSE,4-6 个工作日,GPS,44mm,
Cn,2020-09-21,AppleWatchSE,3-4 周,GPS+Celluar,44mm,
Jp,2020-09-21,AppleWatchSE,3〜4週間,GPS,40mm,
Jp,2020-09-21,AppleWatchSE,7〜10営業日,GPS+Celluar,40mm,
Jp,2020-09-21,AppleWatchSE,2〜4営業日,GPS,44mm,
Jp,2020-09-21,AppleWatchSE,2〜4営業日,GPS+Celluar,44mm,
Hk,2020-09-21,AppleWatchSE,05/10/2020 - 09/10/2020 – Free,GPS,40mm,
Hk,2020-09-21,AppleWatchSE,16/10/2020 - 23/10/2020 – Free,GPS+Celluar,40mm,
Hk,2020-09-21,AppleWatchSE,25/09/2020 - 28/09/2020 – Free,GPS,44mm,
Hk,2020-09-21,AppleWatchSE,25/09/2020 - 28/09/2020 – Free,GPS+Celluar,44mm,
Uk,2020-09-21,AppleWatchSE,7 Oct - 9 Oct – Free,GPS,40mm,
Uk,2020-09-21,AppleWatchSE,12 Oct - 15 Oct – Free,GPS+Celluar,40mm,
Uk,2020-09-21,AppleWatchSE,7 Oct - 9 Oct – Free,GPS,44mm,
Uk,2020-09-21,AppleWatchSE,7 Oct - 9 Oct – Free,GPS+Celluar,44mm,
De,2020-09-21,AppleWatchSE,7 Okt - 9 Okt – Kostenlos,GPS,40mm,
De,2020-09-21,AppleWatchSE,7 Okt - 9 Okt – Kostenlos,GPS+Celluar,40mm,
De,2020-09-21,AppleWatchSE,7 Okt - 9 Okt – Kostenlos,GPS,44mm,
De,2020-09-21,AppleWatchSE,7 Okt - 9 Okt – Kostenlos,GPS+Celluar,44mm,
Fr,2020-09-21,AppleWatchSE,7 Oct. - 9 Oct. – Gratuite,GPS,40mm,
Fr,2020-09-21,AppleWatchSE,22 Oct. - 29 Oct. – Gratuite,GPS+Celluar,40mm,
Fr,2020-09-21,AppleWatchSE,7 Oct. - 9 Oct. – Gratuite,GPS,44mm,
Fr,2020-09-21,AppleWatchSE,7 Oct. - 9 Oct. – Gratuite,GPS+Celluar,44mm,
Us,2020-09-20,AppleWatch6,7–8 weeks,GPS,40mm,
Us,2020-09-20,AppleWatch6,7–8 weeks,GPS+Celluar,40mm,
Us,2020-09-20,AppleWatch6,7–8 weeks,GPS,44mm,
Us,2020-09-20,AppleWatch6,7–8 weeks,GPS+Celluar,44mm,
Us,2020-09-20,AppleWatchSE,2–4 business days,GPS,40mm,
Us,2020-09-20,AppleWatchSE,2–4 business days,GPS+Celluar,40mm,
Us,2020-09-20,AppleWatchSE,2–4 business days,GPS,44mm,
Us,2020-09-20,AppleWatchSE,2–4 business days,GPS+Celluar,44mm,
Us,2020-09-20,iPad2020,7–10 business days,Wifi,32GB,Gray
Us,2020-09-20,iPad2020,5–7 business days,Wifi+Celluar,32GB,Gray
Us,2020-09-20,iPad2020,5–7 business days,Wifi,128GB,Gray
Us,2020-09-20,iPad2020,7–10 business days,Wifi+Celluar,128GB,Gray
Us,2020-09-20,iPad2020,5–7 business days,Wifi,32GB,Silver
Us,2020-09-20,iPad2020,7–10 business days,Wifi+Celluar,32GB,Silver
Us,2020-09-20,iPad2020,5–7 business days,Wifi,128GB,Silver
Us,2020-09-20,iPad2020,2–3 weeks,Wifi+Celluar,128GB,Silver
Us,2020-09-20,iPad2020,7–10 business days,Wifi,32GB,Gold
Us,2020-09-20,iPad2020,5–7 business days,Wifi+Celluar,32GB,Gold
Us,2020-09-20,iPad2020,5–7 business days,Wifi,128GB,Gold
Us,2020-09-20,iPad2020,7–10 business days,Wifi+Celluar,128GB,Gold
Us,2020-09-20,iPadAir2020,Currently unavailable,Wifi+Celluar,64GB,Gray
Us,2020-09-20,iPadAir2020,Currently unavailable,Wifi+Celluar,64GB,Gray
Us,2020-09-20,iPadAir2020,Currently unavailable,Wifi,256GB,Gray
Us,2020-09-20,iPadAir2020,Currently unavailable,Wifi+Celluar,256GB,Gray
Us,2020-09-20,iPadAir2020,Currently unavailable,Wifi,64GB,Silver
Us,2020-09-20,iPadAir2020,Currently unavailable,Wifi+Celluar,64GB,Silver
Us,2020-09-20,iPadAir2020,Currently unavailable,Wifi,256GB,Silver
Us,2020-09-20,iPadAir2020,Currently unavailable,Wifi+Celluar,256GB,Silver
Us,2020-09-20,iPadAir2020,Currently unavailable,Wifi,64GB,Gold
Us,2020-09-20,iPadAir2020,Currently unavailable,Wifi+Celluar,64GB,Gold
Us,2020-09-20,iPadAir2020,Currently unavailable,Wifi,256GB,Gold
Us,2020-09-20,iPadAir2020,Currently unavailable,Wifi+Celluar,256GB,Gold
Us,2020-09-20,iPadAir2020,Currently unavailable,Wifi,64GB,Green
Us,2020-09-20,iPadAir2020,Currently unavailable,Wifi+Celluar,64GB,Green
Us,2020-09-20,iPadAir2020,Currently unavailable,Wifi,256GB,Green
Us,2020-09-20,iPadAir2020,Currently unavailable,Wifi+Celluar,256GB,Green
Us,2020-09-20,iPadAir2020,Currently unavailable,Wifi,64GB,Blue
Us,2020-09-20,iPadAir2020,Currently unavailable,Wifi+Celluar,64GB,Blue
Us,2020-09-20,iPadAir2020,Currently unavailable,Wifi,256GB,Blue
Us,2020-09-20,iPadAir2020,Currently unavailable,Wifi+Celluar,256GB,Blue
Tw,2020-09-20,iPad2020,暫未發售,Wifi,32GB,Gray
Tw,2020-09-20,iPad2020,暫未發售,Wifi+Celluar,32GB,Gray
Tw,2020-09-20,iPad2020,暫未發售,Wifi,128GB,Gray
Tw,2020-09-20,iPad2020,暫未發售,Wifi+Celluar,128GB,Gray
Tw,2020-09-20,iPad2020,暫未發售,Wifi,32GB,Silver
Tw,2020-09-20,iPad2020,暫未發售,Wifi+Celluar,32GB,Gray
Tw,2020-09-20,iPad2020,暫未發售,Wifi,128GB,Silver
Tw,2020-09-20,iPad2020,暫未發售,Wifi+Celluar,128GB,Silver
Tw,2020-09-20,iPad2020,暫未發售,Wifi,32GB,Gold
Tw,2020-09-20,iPad2020,暫未發售,Wifi+Celluar,32GB,Gold
Tw,2020-09-20,iPad2020,暫未發售,Wifi,128GB,Gold
Tw,2020-09-20,iPad2020,暫未發售,Wifi+Celluar,128GB,Gold
Cn,2020-09-20,iPad2020,7-10 个工作日,Wifi,32GB,Gray
Cn,2020-09-20,iPad2020,暂未发售,Wifi+Celluar,32GB,Gray
Cn,2020-09-20,iPad2020,7-10 个工作日,Wifi,128GB,Gray
Cn,2020-09-20,iPad2020,暂未发售,Wifi+Celluar,128GB,Gray
Cn,2020-09-20,iPad2020,7-10 个工作日,Wifi,32GB,Silver
Cn,2020-09-20,iPad2020,暂未发售,Wifi+Celluar,32GB,Silver
Cn,2020-09-20,iPad2020,7-10 个工作日,Wifi,128GB,Silver
Cn,2020-09-20,iPad2020,暂未发售,Wifi+Celluar,128GB,Silver
Cn,2020-09-20,iPad2020,7-10 个工作日,Wifi,32GB,Gold
Cn,2020-09-20,iPad2020,暂未发售,Wifi+Celluar,32GB,Gold
Cn,2020-09-20,iPad2020,7-10 个工作日,Wifi,128GB,Gold
Cn,2020-09-20,iPad2020,暂未发售,Wifi+Celluar,128GB,Gold
Jp,2020-09-20,iPad2020,5〜7営業日,Wifi,32GB,Gray
Jp,2020-09-20,iPad2020,5〜7営業日,Wifi+Celluar,32GB,Gray
Jp,2020-09-20,iPad2020,7〜10営業日,Wifi,128GB,Gray
Jp,2020-09-20,iPad2020,5〜7営業日,Wifi+Celluar,128GB,Gray
Jp,2020-09-20,iPad2020,5〜7営業日,Wifi,32GB,Silver
Jp,2020-09-20,iPad2020,5〜7営業日,Wifi+Celluar,32GB,Silver
Jp,2020-09-20,iPad2020,2〜3週間,Wifi,128GB,Silver
Jp,2020-09-20,iPad2020,5〜7営業日,Wifi+Celluar,128GB,Silver
Jp,2020-09-20,iPad2020,5〜7営業日,Wifi,32GB,Gold
Jp,2020-09-20,iPad2020,7〜10営業日,Wifi+Celluar,32GB,Gold
Jp,2020-09-20,iPad2020,5〜7営業日,Wifi,128GB,Gold
Jp,2020-09-20,iPad2020,7〜10営業日,Wifi+Celluar,128GB,Gold
Hk,2020-09-20,iPad2020,10/10/2020 - 17/10/2020 – Free,Wifi,32GB,Gray
Hk,2020-09-20,iPad2020,03/10/2020 - 06/10/2020 – Free,Wifi+Celluar,32GB,Gray
Hk,2020-09-20,iPad2020,10/10/2020 - 17/10/2020 – Free,Wifi,128GB,Gray
Hk,2020-09-20,iPad2020,06/10/2020 - 10/10/2020 – Free,Wifi+Celluar,128GB,Gray
Hk,2020-09-20,iPad2020,10/10/2020 - 17/10/2020 – Free,Wifi,32GB,Silver
Hk,2020-09-20,iPad2020,03/10/2020 - 06/10/2020 – Free,Wifi+Celluar,32GB,Silver
Hk,2020-09-20,iPad2020,10/10/2020 - 17/10/2020 – Free,Wifi,128GB,Silver
Hk,2020-09-20,iPad2020,03/10/2020 - 06/10/2020 – Free,Wifi+Celluar,128GB,Silver
Hk,2020-09-20,iPad2020,10/10/2020 - 17/10/2020 – Free,Wifi,32GB,Gold
Hk,2020-09-20,iPad2020,03/10/2020 - 06/10/2020 – Free,Wifi+Celluar,32GB,Gold
Hk,2020-09-20,iPad2020,10/10/2020 - 17/10/2020 – Free,Wifi,128GB,Gold
Hk,2020-09-20,iPad2020,03/10/2020 - 06/10/2020 – Free,Wifi+Celluar,128GB,Gold
Uk,2020-09-20,iPad2020,6 Oct - 13 Oct – Free,Wifi,32GB,Gray
Uk,2020-09-20,iPad2020,29 Sep - 1 Oct – Free,Wifi+Celluar,32GB,Gray
Uk,2020-09-20,iPad2020,6 Oct - 13 Oct – Free,Wifi,128GB,Gray
Uk,2020-09-20,iPad2020,29 Sep - 1 Oct – Free,Wifi+Celluar,128GB,Gray
Uk,2020-09-20,iPad2020,6 Oct - 13 Oct – Free,Wifi,32GB,Silver
Uk,2020-09-20,iPad2020,29 Sep - 1 Oct – Free,Wifi+Celluar,32GB,Silver
Uk,2020-09-20,iPad2020,1 Oct - 6 Oct – Free,Wifi,128GB,Silver
Uk,2020-09-20,iPad2020,29 Sep - 1 Oct – Free,Wifi+Celluar,128GB,Silver
Uk,2020-09-20,iPad2020,13 Oct - 20 Oct – Free,Wifi,32GB,Gold
Uk,2020-09-20,iPad2020,6 Oct - 13 Oct – Free,Wifi+Celluar,32GB,Gold
Uk,2020-09-20,iPad2020,6 Oct - 13 Oct – Free,Wifi,128GB,Gold
Uk,2020-09-20,iPad2020,29 Sep - 1 Oct – Free,Wifi+Celluar,128GB,Gold
De,2020-09-20,iPad2020,2 Okt - 7 Okt – Kostenlos,Wifi,32GB,Gray
De,2020-09-20,iPad2020,30 Sep - 2 Okt – Kostenlos,Wifi+Celluar,32GB,Gray
De,2020-09-20,iPad2020,7 Okt - 14 Okt – Kostenlos,Wifi,128GB,Gray
De,2020-09-20,iPad2020,30 Sep - 2 Okt – Kostenlos,Wifi+Celluar,128GB,Gray
De,2020-09-20,iPad2020,2 Okt - 7 Okt – Kostenlos,Wifi,32GB,Silver
De,2020-09-20,iPad2020,30 Sep - 2 Okt – Kostenlos,Wifi+Celluar,32GB,Silver
De,2020-09-20,iPad2020,7 Okt - 14 Okt – Kostenlos,Wifi,128GB,Silver
De,2020-09-20,iPad2020,30 Sep - 2 Okt – Kostenlos,Wifi+Celluar,128GB,Silver
De,2020-09-20,iPad2020,30 Sep - 2 Okt – Kostenlos,Wifi,32GB,Gold
De,2020-09-20,iPad2020,30 Sep - 2 Okt – Kostenlos,Wifi+Celluar,32GB,Gold
De,2020-09-20,iPad2020,2 Okt - 7 Okt – Kostenlos,Wifi,128GB,Gold
De,2020-09-20,iPad2020,30 Sep - 2 Okt – Kostenlos,Wifi+Celluar,128GB,Gold
Ru,2020-09-20,iPad2020,в настоящее время недоступно,Wifi,32GB,Gray
Ru,2020-09-20,iPad2020,в настоящее время недоступно,Wifi+Celluar,32GB,Gray
Ru,2020-09-20,iPad2020,в настоящее время недоступно,Wifi,128GB,Gray
Ru,2020-09-20,iPad2020,в настоящее время недоступно,Wifi+Celluar,128GB,Gray
Ru,2020-09-20,iPad2020,в настоящее время недоступно,Wifi,32GB,Silver
Ru,2020-09-20,iPad2020,в настоящее время недоступно,Wifi+Celluar,32GB,Silver
Ru,2020-09-20,iPad2020,в настоящее время недоступно,Wifi,128GB,Silver
Ru,2020-09-20,iPad2020,в настоящее время недоступно,Wifi+Celluar,128GB,Silver
Ru,2020-09-20,iPad2020,в настоящее время недоступно,Wifi,32GB,Gold
Ru,2020-09-20,iPad2020,в настоящее время недоступно,Wifi+Celluar,32GB,Gold
Ru,2020-09-20,iPad2020,в настоящее время недоступно,Wifi,128GB,Gold
Ru,2020-09-20,iPad2020,в настоящее время недоступно,Wifi+Celluar,128GB,Gold
Fr,2020-09-20,iPad2020,1 Oct. - 6 Oct. – Gratuite,Wifi,32GB,Gray
Fr,2020-09-20,iPad2020,29 Sept. - 1 Oct. – Gratuite,Wifi+Celluar,32GB,Gray
Fr,2020-09-20,iPad2020,29 Sept. - 1 Oct. – Gratuite,Wifi,128GB,Gray
Fr,2020-09-20,iPad2020,29 Sept. - 1 Oct. – Gratuite,Wifi+Celluar,128GB,Gray
Fr,2020-09-20,iPad2020,29 Sept. - 1 Oct. – Gratuite,Wifi,32GB,Silver
Fr,2020-09-20,iPad2020,29 Sept. - 1 Oct. – Gratuite,Wifi+Celluar,32GB,Silver
Fr,2020-09-20,iPad2020,29 Sept. - 1 Oct. – Gratuite,Wifi,128GB,Silver
Fr,2020-09-20,iPad2020,29 Sept. - 1 Oct. – Gratuite,Wifi+Celluar,128GB,Silver
Fr,2020-09-20,iPad2020,29 Sept. - 1 Oct. – Gratuite,Wifi,32GB,Gold
Fr,2020-09-20,iPad2020,29 Sept. - 1 Oct. – Gratuite,Wifi+Celluar,32GB,Gold
Fr,2020-09-20,iPad2020,29 Sept. - 1 Oct. – Gratuite,Wifi,128GB,Gold
Fr,2020-09-20,iPad2020,29 Sept. - 1 Oct. – Gratuite,Wifi+Celluar,128GB,Gold
Tw,2020-09-20,iPadAir2020,暫未發售,Wifi+Celluar,64GB,Gray
Tw,2020-09-20,iPadAir2020,暫未發售,Wifi+Celluar,64GB,Gray
Tw,2020-09-20,iPadAir2020,暫未發售,Wifi,256GB,Gray
Tw,2020-09-20,iPadAir2020,暫未發售,Wifi+Celluar,256GB,Gray
Tw,2020-09-20,iPadAir2020,暫未發售,Wifi,64GB,Silver
Tw,2020-09-20,iPadAir2020,暫未發售,Wifi+Celluar,64GB,Silver
Tw,2020-09-20,iPadAir2020,暫未發售,Wifi,256GB,Silver
Tw,2020-09-20,iPadAir2020,暫未發售,Wifi+Celluar,256GB,Silver
Tw,2020-09-20,iPadAir2020,暫未發售,Wifi,64GB,Gold
Tw,2020-09-20,iPadAir2020,暫未發售,Wifi+Celluar,64GB,Gold
Tw,2020-09-20,iPadAir2020,暫未發售,Wifi,256GB,Gold
Tw,2020-09-20,iPadAir2020,暫未發售,Wifi+Celluar,256GB,Gold
Tw,2020-09-20,iPadAir2020,暫未發售,Wifi,64GB,Green
Tw,2020-09-20,iPadAir2020,暫未發售,Wifi+Celluar,64GB,Green
Tw,2020-09-20,iPadAir2020,暫未發售,Wifi,256GB,Green
Tw,2020-09-20,iPadAir2020,暫未發售,Wifi+Celluar,256GB,Green
Tw,2020-09-20,iPadAir2020,暫未發售,Wifi,64GB,Blue
Tw,2020-09-20,iPadAir2020,暫未發售,Wifi+Celluar,64GB,Blue
Tw,2020-09-20,iPadAir2020,暫未發售,Wifi,256GB,Blue
Tw,2020-09-20,iPadAir2020,暫未發售,Wifi+Celluar,256GB,Blue
Cn,2020-09-20,iPadAir2020,暂未发售,Wifi+Celluar,64GB,Gray
Cn,2020-09-20,iPadAir2020,暂未发售,Wifi+Celluar,64GB,Gray
Cn,2020-09-20,iPadAir2020,暂未发售,Wifi,256GB,Gray
Cn,2020-09-20,iPadAir2020,暂未发售,Wifi+Celluar,256GB,Gray
Cn,2020-09-20,iPadAir2020,暂未发售,Wifi,64GB,Silver
Cn,2020-09-20,iPadAir2020,暂未发售,Wifi+Celluar,64GB,Silver
Cn,2020-09-20,iPadAir2020,暂未发售,Wifi,256GB,Silver
Cn,2020-09-20,iPadAir2020,暂未发售,Wifi+Celluar,256GB,Silver
Cn,2020-09-20,iPadAir2020,暂未发售,Wifi,64GB,Gold
Cn,2020-09-20,iPadAir2020,暂未发售,Wifi+Celluar,64GB,Gold
Cn,2020-09-20,iPadAir2020,暂未发售,Wifi,256GB,Gold
Cn,2020-09-20,iPadAir2020,暂未发售,Wifi+Celluar,256GB,Gold
Cn,2020-09-20,iPadAir2020,暂未发售,Wifi,64GB,Green
Cn,2020-09-20,iPadAir2020,暂未发售,Wifi+Celluar,64GB,Green
Cn,2020-09-20,iPadAir2020,暂未发售,Wifi,256GB,Green
Cn,2020-09-20,iPadAir2020,暂未发售,Wifi+Celluar,256GB,Green
Cn,2020-09-20,iPadAir2020,暂未发售,Wifi,64GB,Blue
Cn,2020-09-20,iPadAir2020,暂未发售,Wifi+Celluar,64GB,Blue
Cn,2020-09-20,iPadAir2020,暂未发售,Wifi,256GB,Blue
Cn,2020-09-20,iPadAir2020,暂未发售,Wifi+Celluar,256GB,Blue
Jp,2020-09-20,iPadAir2020,現在注文できません,Wifi+Celluar,64GB,Gray
Jp,2020-09-20,iPadAir2020,現在注文できません,Wifi+Celluar,64GB,Gray
Jp,2020-09-20,iPadAir2020,現在注文できません,Wifi,256GB,Gray
Jp,2020-09-20,iPadAir2020,現在注文できません,Wifi+Celluar,256GB,Gray
Jp,2020-09-20,iPadAir2020,現在注文できません,Wifi,64GB,Silver
Jp,2020-09-20,iPadAir2020,現在注文できません,Wifi+Celluar,64GB,Silver
Jp,2020-09-20,iPadAir2020,現在注文できません,Wifi,256GB,Silver
Jp,2020-09-20,iPadAir2020,現在注文できません,Wifi+Celluar,256GB,Silver
Jp,2020-09-20,iPadAir2020,現在注文できません,Wifi,64GB,Gold
Jp,2020-09-20,iPadAir2020,現在注文できません,Wifi+Celluar,64GB,Gold
Jp,2020-09-20,iPadAir2020,現在注文できません,Wifi,256GB,Gold
Jp,2020-09-20,iPadAir2020,現在注文できません,Wifi+Celluar,256GB,Gold
Jp,2020-09-20,iPadAir2020,現在注文できません,Wifi,64GB,Green
Jp,2020-09-20,iPadAir2020,現在注文できません,Wifi+Celluar,64GB,Green
Jp,2020-09-20,iPadAir2020,現在注文できません,Wifi,256GB,Green
Jp,2020-09-20,iPadAir2020,現在注文できません,Wifi+Celluar,256GB,Green
Jp,2020-09-20,iPadAir2020,現在注文できません,Wifi,64GB,Blue
Jp,2020-09-20,iPadAir2020,現在注文できません,Wifi+Celluar,64GB,Blue
Jp,2020-09-20,iPadAir2020,現在注文できません,Wifi,256GB,Blue
Jp,2020-09-20,iPadAir2020,現在注文できません,Wifi+Celluar,256GB,Blue
Hk,2020-09-20,iPadAir2020,Currently unavailable,Wifi+Celluar,64GB,Gray
Hk,2020-09-20,iPadAir2020,Currently unavailable,Wifi+Celluar,64GB,Gray
Hk,2020-09-20,iPadAir2020,Currently unavailable,Wifi,256GB,Gray
Hk,2020-09-20,iPadAir2020,Currently unavailable,Wifi+Celluar,256GB,Gray
Hk,2020-09-20,iPadAir2020,Currently unavailable,Wifi,64GB,Silver
Hk,2020-09-20,iPadAir2020,Currently unavailable,Wifi+Celluar,64GB,Silver
Hk,2020-09-20,iPadAir2020,Currently unavailable,Wifi,256GB,Silver
Hk,2020-09-20,iPadAir2020,Currently unavailable,Wifi+Celluar,256GB,Silver
Hk,2020-09-20,iPadAir2020,Currently unavailable,Wifi,64GB,Gold
Hk,2020-09-20,iPadAir2020,Currently unavailable,Wifi+Celluar,64GB,Gold
Hk,2020-09-20,iPadAir2020,Currently unavailable,Wifi,256GB,Gold
Hk,2020-09-20,iPadAir2020,Currently unavailable,Wifi+Celluar,256GB,Gold
Hk,2020-09-20,iPadAir2020,Currently unavailable,Wifi,64GB,Green
Hk,2020-09-20,iPadAir2020,Currently unavailable,Wifi+Celluar,64GB,Green
Hk,2020-09-20,iPadAir2020,Currently unavailable,Wifi,256GB,Green
Hk,2020-09-20,iPadAir2020,Currently unavailable,Wifi+Celluar,256GB,Green
Hk,2020-09-20,iPadAir2020,Currently unavailable,Wifi,64GB,Blue
Hk,2020-09-20,iPadAir2020,Currently unavailable,Wifi+Celluar,64GB,Blue
Hk,2020-09-20,iPadAir2020,Currently unavailable,Wifi,256GB,Blue
Hk,2020-09-20,iPadAir2020,Currently unavailable,Wifi+Celluar,256GB,Blue
Uk,2020-09-20,iPadAir2020,Currently unavailable,Wifi+Celluar,64GB,Gray
Uk,2020-09-20,iPadAir2020,Currently unavailable,Wifi+Celluar,64GB,Gray
Uk,2020-09-20,iPadAir2020,Currently unavailable,Wifi,256GB,Gray
Uk,2020-09-20,iPadAir2020,Currently unavailable,Wifi+Celluar,256GB,Gray
Uk,2020-09-20,iPadAir2020,Currently unavailable,Wifi,64GB,Silver
Uk,2020-09-20,iPadAir2020,Currently unavailable,Wifi+Celluar,64GB,Silver
Uk,2020-09-20,iPadAir2020,Currently unavailable,Wifi,256GB,Silver
Uk,2020-09-20,iPadAir2020,Currently unavailable,Wifi+Celluar,256GB,Silver
Uk,2020-09-20,iPadAir2020,Currently unavailable,Wifi,64GB,Gold
Uk,2020-09-20,iPadAir2020,Currently unavailable,Wifi+Celluar,64GB,Gold
Uk,2020-09-20,iPadAir2020,Currently unavailable,Wifi,256GB,Gold
Uk,2020-09-20,iPadAir2020,Currently unavailable,Wifi+Celluar,256GB,Gold
Uk,2020-09-20,iPadAir2020,Currently unavailable,Wifi,64GB,Green
Uk,2020-09-20,iPadAir2020,Currently unavailable,Wifi+Celluar,64GB,Green
Uk,2020-09-20,iPadAir2020,Currently unavailable,Wifi,256GB,Green
Uk,2020-09-20,iPadAir2020,Currently unavailable,Wifi+Celluar,256GB,Green
Uk,2020-09-20,iPadAir2020,Currently unavailable,Wifi,64GB,Blue
Uk,2020-09-20,iPadAir2020,Currently unavailable,Wifi+Celluar,64GB,Blue
Uk,2020-09-20,iPadAir2020,Currently unavailable,Wifi,256GB,Blue
Uk,2020-09-20,iPadAir2020,Currently unavailable,Wifi+Celluar,256GB,Blue
De,2020-09-20,iPadAir2020,Derzeit nicht verfügbar,Wifi+Celluar,64GB,Gray
De,2020-09-20,iPadAir2020,Derzeit nicht verfügbar,Wifi+Celluar,64GB,Gray
De,2020-09-20,iPadAir2020,Derzeit nicht verfügbar,Wifi,256GB,Gray
De,2020-09-20,iPadAir2020,Derzeit nicht verfügbar,Wifi+Celluar,256GB,Gray
De,2020-09-20,iPadAir2020,Derzeit nicht verfügbar,Wifi,64GB,Silver
De,2020-09-20,iPadAir2020,Derzeit nicht verfügbar,Wifi+Celluar,64GB,Silver
De,2020-09-20,iPadAir2020,Derzeit nicht verfügbar,Wifi,256GB,Silver
De,2020-09-20,iPadAir2020,Derzeit nicht verfügbar,Wifi+Celluar,256GB,Silver
De,2020-09-20,iPadAir2020,Derzeit nicht verfügbar,Wifi,64GB,Gold
De,2020-09-20,iPadAir2020,Derzeit nicht verfügbar,Wifi+Celluar,64GB,Gold
De,2020-09-20,iPadAir2020,Derzeit nicht verfügbar,Wifi,256GB,Gold
De,2020-09-20,iPadAir2020,Derzeit nicht verfügbar,Wifi+Celluar,256GB,Gold
De,2020-09-20,iPadAir2020,Derzeit nicht verfügbar,Wifi,64GB,Green
De,2020-09-20,iPadAir2020,Derzeit nicht verfügbar,Wifi+Celluar,64GB,Green
De,2020-09-20,iPadAir2020,Derzeit nicht verfügbar,Wifi,256GB,Green
De,2020-09-20,iPadAir2020,Derzeit nicht verfügbar,Wifi+Celluar,256GB,Green
De,2020-09-20,iPadAir2020,Derzeit nicht verfügbar,Wifi,64GB,Blue
De,2020-09-20,iPadAir2020,Derzeit nicht verfügbar,Wifi+Celluar,64GB,Blue
De,2020-09-20,iPadAir2020,Derzeit nicht verfügbar,Wifi,256GB,Blue
De,2020-09-20,iPadAir2020,Derzeit nicht verfügbar,Wifi+Celluar,256GB,Blue
Ru,2020-09-20,iPadAir2020,В настоящее время недоступно,Wifi+Celluar,64GB,Gray
Ru,2020-09-20,iPadAir2020,В настоящее время недоступно,Wifi+Celluar,64GB,Gray
Ru,2020-09-20,iPadAir2020,В настоящее время недоступно,Wifi,256GB,Gray
Ru,2020-09-20,iPadAir2020,В настоящее время недоступно,Wifi+Celluar,256GB,Gray
Ru,2020-09-20,iPadAir2020,В настоящее время недоступно,Wifi,64GB,Silver
Ru,2020-09-20,iPadAir2020,В настоящее время недоступно,Wifi+Celluar,64GB,Silver
Ru,2020-09-20,iPadAir2020,В настоящее время недоступно,Wifi,256GB,Silver
Ru,2020-09-20,iPadAir2020,В настоящее время недоступно,Wifi+Celluar,256GB,Silver
Ru,2020-09-20,iPadAir2020,В настоящее время недоступно,Wifi,64GB,Gold
Ru,2020-09-20,iPadAir2020,В настоящее время недоступно,Wifi+Celluar,64GB,Gold
Ru,2020-09-20,iPadAir2020,В настоящее время недоступно,Wifi,256GB,Gold
Ru,2020-09-20,iPadAir2020,В настоящее время недоступно,Wifi+Celluar,256GB,Gold
Ru,2020-09-20,iPadAir2020,В настоящее время недоступно,Wifi,64GB,Green
Ru,2020-09-20,iPadAir2020,В настоящее время недоступно,Wifi+Celluar,64GB,Green
Ru,2020-09-20,iPadAir2020,В настоящее время недоступно,Wifi,256GB,Green
Ru,2020-09-20,iPadAir2020,В настоящее время недоступно,Wifi+Celluar,256GB,Green
Ru,2020-09-20,iPadAir2020,В настоящее время недоступно,Wifi,64GB,Blue
Ru,2020-09-20,iPadAir2020,В настоящее время недоступно,Wifi+Celluar,64GB,Blue
Ru,2020-09-20,iPadAir2020,В настоящее время недоступно,Wifi,256GB,Blue
Ru,2020-09-20,iPadAir2020,В настоящее время недоступно,Wifi+Celluar,256GB,Blue
Fr,2020-09-20,iPadAir2020,Non disponible actuellement,Wifi+Celluar,64GB,Gray
Fr,2020-09-20,iPadAir2020,Non disponible actuellement,Wifi+Celluar,64GB,Gray
Fr,2020-09-20,iPadAir2020,Non disponible actuellement,Wifi,256GB,Gray
Fr,2020-09-20,iPadAir2020,Non disponible actuellement,Wifi+Celluar,256GB,Gray
Fr,2020-09-20,iPadAir2020,Non disponible actuellement,Wifi,64GB,Silver
Fr,2020-09-20,iPadAir2020,Non disponible actuellement,Wifi+Celluar,64GB,Silver
Fr,2020-09-20,iPadAir2020,Non disponible actuellement,Wifi,256GB,Silver
Fr,2020-09-20,iPadAir2020,Non disponible actuellement,Wifi+Celluar,256GB,Silver
Fr,2020-09-20,iPadAir2020,Non disponible actuellement,Wifi,64GB,Gold
Fr,2020-09-20,iPadAir2020,Non disponible actuellement,Wifi+Celluar,64GB,Gold
Fr,2020-09-20,iPadAir2020,Non disponible actuellement,Wifi,256GB,Gold
Fr,2020-09-20,iPadAir2020,Non disponible actuellement,Wifi+Celluar,256GB,Gold
Fr,2020-09-20,iPadAir2020,Non disponible actuellement,Wifi,64GB,Green
Fr,2020-09-20,iPadAir2020,Non disponible actuellement,Wifi+Celluar,64GB,Green
Fr,2020-09-20,iPadAir2020,Non disponible actuellement,Wifi,256GB,Green
Fr,2020-09-20,iPadAir2020,Non disponible actuellement,Wifi+Celluar,256GB,Green
Fr,2020-09-20,iPadAir2020,Non disponible actuellement,Wifi,64GB,Blue
Fr,2020-09-20,iPadAir2020,Non disponible actuellement,Wifi+Celluar,64GB,Blue
Fr,2020-09-20,iPadAir2020,Non disponible actuellement,Wifi,256GB,Blue
Fr,2020-09-20,iPadAir2020,Non disponible actuellement,Wifi+Celluar,256GB,Blue
Tw,2020-09-20,AppleWatch6,7-8 週,GPS,40mm,
Tw,2020-09-20,AppleWatch6,7-8 週,GPS+Celluar,40mm,
Tw,2020-09-20,AppleWatch6,7-8 週,GPS,44mm,
Tw,2020-09-20,AppleWatch6,7-8 週,GPS+Celluar,44mm,
Cn,2020-09-20,AppleWatch6,7-8 周,GPS,40mm,
Cn,2020-09-20,AppleWatch6,7-8 周,GPS+Celluar,40mm,
Cn,2020-09-20,AppleWatch6,7-8 周,GPS,44mm,
Cn,2020-09-20,AppleWatch6,7-8 周,GPS+Celluar,44mm,
Jp,2020-09-20,AppleWatch6,7〜8週間,GPS,40mm,
Jp,2020-09-20,AppleWatch6,7〜8週間,GPS+Celluar,40mm,
Jp,2020-09-20,AppleWatch6,7〜8週間,GPS,44mm,
Jp,2020-09-20,AppleWatch6,7〜8週間,GPS+Celluar,44mm,
Hk,2020-09-20,AppleWatch6,16/11/2020 - 20/11/2020 – Free,GPS,40mm,
Hk,2020-09-20,AppleWatch6,16/11/2020 - 20/11/2020 – Free,GPS+Celluar,40mm,
Hk,2020-09-20,AppleWatch6,16/11/2020 - 20/11/2020 – Free,GPS,44mm,
Hk,2020-09-20,AppleWatch6,16/11/2020 - 20/11/2020 – Free,GPS+Celluar,44mm,
Uk,2020-09-20,AppleWatch6,17 Nov - 23 Nov – Free,GPS,40mm,
Uk,2020-09-20,AppleWatch6,17 Nov - 23 Nov – Free,GPS+Celluar,40mm,
Uk,2020-09-20,AppleWatch6,17 Nov - 23 Nov – Free,GPS,44mm,
Uk,2020-09-20,AppleWatch6,17 Nov - 23 Nov – Free,GPS+Celluar,44mm,
De,2020-09-20,AppleWatch6,17 Nov - 23 Nov – Kostenlos,GPS,40mm,
De,2020-09-20,AppleWatch6,17 Nov - 23 Nov – Kostenlos,GPS+Celluar,40mm,
De,2020-09-20,AppleWatch6,17 Nov - 23 Nov – Kostenlos,GPS,44mm,
De,2020-09-20,AppleWatch6,17 Nov - 23 Nov – Kostenlos,GPS+Celluar,44mm,
Fr,2020-09-20,AppleWatch6,18 Nov. - 23 Nov. – Gratuite,GPS,40mm,
Fr,2020-09-20,AppleWatch6,18 Nov. - 23 Nov. – Gratuite,GPS+Celluar,40mm,
Fr,2020-09-20,AppleWatch6,18 Nov. - 23 Nov. – Gratuite,GPS,44mm,
Fr,2020-09-20,AppleWatch6,18 Nov. - 23 Nov. – Gratuite,GPS+Celluar,44mm,
Tw,2020-09-20,AppleWatchSE,3-4 週,GPS,40mm,
Tw,2020-09-20,AppleWatchSE,3-4 週,GPS+Celluar,40mm,
Tw,2020-09-20,AppleWatchSE,3-4 週,GPS,44mm,
Tw,2020-09-20,AppleWatchSE,3-4 週,GPS+Celluar,44mm,
Cn,2020-09-20,AppleWatchSE,4-6 个工作日,GPS,40mm,
Cn,2020-09-20,AppleWatchSE,3-4 周,GPS+Celluar,40mm,
Cn,2020-09-20,AppleWatchSE,4-6 个工作日,GPS,44mm,
Cn,2020-09-20,AppleWatchSE,3-4 周,GPS+Celluar,44mm,
Jp,2020-09-20,AppleWatchSE,3〜4週間,GPS,40mm,
Jp,2020-09-20,AppleWatchSE,7〜10営業日,GPS+Celluar,40mm,
Jp,2020-09-20,AppleWatchSE,2〜4営業日,GPS,44mm,
Jp,2020-09-20,AppleWatchSE,2〜4営業日,GPS+Celluar,44mm,
Hk,2020-09-20,AppleWatchSE,05/10/2020 - 09/10/2020 – Free,GPS,40mm,
Hk,2020-09-20,AppleWatchSE,16/10/2020 - 23/10/2020 – Free,GPS+Celluar,40mm,
Hk,2020-09-20,AppleWatchSE,25/09/2020 - 28/09/2020 – Free,GPS,44mm,
Hk,2020-09-20,AppleWatchSE,25/09/2020 - 28/09/2020 – Free,GPS+Celluar,44mm,
Uk,2020-09-20,AppleWatchSE,7 Oct - 9 Oct – Free,GPS,40mm,
Uk,2020-09-20,AppleWatchSE,12 Oct - 15 Oct – Free,GPS+Celluar,40mm,
Uk,2020-09-20,AppleWatchSE,7 Oct - 9 Oct – Free,GPS,44mm,
Uk,2020-09-20,AppleWatchSE,7 Oct - 9 Oct – Free,GPS+Celluar,44mm,
De,2020-09-20,AppleWatchSE,7 Okt - 9 Okt – Kostenlos,GPS,40mm,
De,2020-09-20,AppleWatchSE,7 Okt - 9 Okt – Kostenlos,GPS+Celluar,40mm,
De,2020-09-20,AppleWatchSE,7 Okt - 9 Okt – Kostenlos,GPS,44mm,
De,2020-09-20,AppleWatchSE,7 Okt - 9 Okt – Kostenlos,GPS+Celluar,44mm,
Fr,2020-09-20,AppleWatchSE,7 Oct. - 9 Oct. – Gratuite,GPS,40mm,
Fr,2020-09-20,AppleWatchSE,22 Oct. - 29 Oct. – Gratuite,GPS+Celluar,40mm,
Fr,2020-09-20,AppleWatchSE,7 Oct. - 9 Oct. – Gratuite,GPS,44mm,
Fr,2020-09-20,AppleWatchSE,7 Oct. - 9 Oct. – Gratuite,GPS+Celluar,44mm,
Us,2020-09-19,AppleWatch6,7–8 weeks,GPS,40mm,
Us,2020-09-19,AppleWatch6,7–8 weeks,GPS+Celluar,40mm,
Us,2020-09-19,AppleWatch6,7–8 weeks,GPS,44mm,
Us,2020-09-19,AppleWatch6,7–8 weeks,GPS+Celluar,44mm,
Us,2020-09-19,AppleWatchSE,2–4 business days,GPS,40mm,
Us,2020-09-19,AppleWatchSE,2–4 business days,GPS+Celluar,40mm,
Us,2020-09-19,AppleWatchSE,2–4 business days,GPS,44mm,
Us,2020-09-19,AppleWatchSE,2–4 business days,GPS+Celluar,44mm,
Us,2020-09-19,iPad2020,7–10 business days,Wifi,32GB,Gray
Us,2020-09-19,iPad2020,5–7 business days,Wifi+Celluar,32GB,Gray
Us,2020-09-19,iPad2020,5–7 business days,Wifi,128GB,Gray
Us,2020-09-19,iPad2020,7–10 business days,Wifi+Celluar,128GB,Gray
Us,2020-09-19,iPad2020,5–7 business days,Wifi,32GB,Silver
Us,2020-09-19,iPad2020,7–10 business days,Wifi+Celluar,32GB,Silver
Us,2020-09-19,iPad2020,5–7 business days,Wifi,128GB,Silver
Us,2020-09-19,iPad2020,2–3 weeks,Wifi+Celluar,128GB,Silver
Us,2020-09-19,iPad2020,7–10 business days,Wifi,32GB,Gold
Us,2020-09-19,iPad2020,5–7 business days,Wifi+Celluar,32GB,Gold
Us,2020-09-19,iPad2020,5–7 business days,Wifi,128GB,Gold
Us,2020-09-19,iPad2020,7–10 business days,Wifi+Celluar,128GB,Gold
Us,2020-09-19,iPadAir2020,Currently unavailable,Wifi+Celluar,64GB,Gray
Us,2020-09-19,iPadAir2020,Currently unavailable,Wifi+Celluar,64GB,Gray
Us,2020-09-19,iPadAir2020,Currently unavailable,Wifi,256GB,Gray
Us,2020-09-19,iPadAir2020,Currently unavailable,Wifi+Celluar,256GB,Gray
Us,2020-09-19,iPadAir2020,Currently unavailable,Wifi,64GB,Silver
Us,2020-09-19,iPadAir2020,Currently unavailable,Wifi+Celluar,64GB,Silver
Us,2020-09-19,iPadAir2020,Currently unavailable,Wifi,256GB,Silver
Us,2020-09-19,iPadAir2020,Currently unavailable,Wifi+Celluar,256GB,Silver
Us,2020-09-19,iPadAir2020,Currently unavailable,Wifi,64GB,Gold
Us,2020-09-19,iPadAir2020,Currently unavailable,Wifi+Celluar,64GB,Gold
Us,2020-09-19,iPadAir2020,Currently unavailable,Wifi,256GB,Gold
Us,2020-09-19,iPadAir2020,Currently unavailable,Wifi+Celluar,256GB,Gold
Us,2020-09-19,iPadAir2020,Currently unavailable,Wifi,64GB,Green
Us,2020-09-19,iPadAir2020,Currently unavailable,Wifi+Celluar,64GB,Green
Us,2020-09-19,iPadAir2020,Currently unavailable,Wifi,256GB,Green
Us,2020-09-19,iPadAir2020,Currently unavailable,Wifi+Celluar,256GB,Green
Us,2020-09-19,iPadAir2020,Currently unavailable,Wifi,64GB,Blue
Us,2020-09-19,iPadAir2020,Currently unavailable,Wifi+Celluar,64GB,Blue
Us,2020-09-19,iPadAir2020,Currently unavailable,Wifi,256GB,Blue
Us,2020-09-19,iPadAir2020,Currently unavailable,Wifi+Celluar,256GB,Blue
Tw,2020-09-19,iPad2020,暫未發售,Wifi,32GB,Gray
Tw,2020-09-19,iPad2020,暫未發售,Wifi+Celluar,32GB,Gray
Tw,2020-09-19,iPad2020,暫未發售,Wifi,128GB,Gray
Tw,2020-09-19,iPad2020,暫未發售,Wifi+Celluar,128GB,Gray
Tw,2020-09-19,iPad2020,暫未發售,Wifi,32GB,Silver
Tw,2020-09-19,iPad2020,暫未發售,Wifi+Celluar,32GB,Gray
Tw,2020-09-19,iPad2020,暫未發售,Wifi,128GB,Silver
Tw,2020-09-19,iPad2020,暫未發售,Wifi+Celluar,128GB,Silver
Tw,2020-09-19,iPad2020,暫未發售,Wifi,32GB,Gold
Tw,2020-09-19,iPad2020,暫未發售,Wifi+Celluar,32GB,Gold
Tw,2020-09-19,iPad2020,暫未發售,Wifi,128GB,Gold
Tw,2020-09-19,iPad2020,暫未發售,Wifi+Celluar,128GB,Gold
Cn,2020-09-19,iPad2020,7-10 个工作日,Wifi,32GB,Gray
Cn,2020-09-19,iPad2020,暂未发售,Wifi+Celluar,32GB,Gray
Cn,2020-09-19,iPad2020,7-10 个工作日,Wifi,128GB,Gray
Cn,2020-09-19,iPad2020,暂未发售,Wifi+Celluar,128GB,Gray
Cn,2020-09-19,iPad2020,7-10 个工作日,Wifi,32GB,Silver
Cn,2020-09-19,iPad2020,暂未发售,Wifi+Celluar,32GB,Silver
Cn,2020-09-19,iPad2020,7-10 个工作日,Wifi,128GB,Silver
Cn,2020-09-19,iPad2020,暂未发售,Wifi+Celluar,128GB,Silver
Cn,2020-09-19,iPad2020,7-10 个工作日,Wifi,32GB,Gold
Cn,2020-09-19,iPad2020,暂未发售,Wifi+Celluar,32GB,Gold
Cn,2020-09-19,iPad2020,7-10 个工作日,Wifi,128GB,Gold
Cn,2020-09-19,iPad2020,暂未发售,Wifi+Celluar,128GB,Gold
Jp,2020-09-19,iPad2020,5〜7営業日,Wifi,32GB,Gray
Jp,2020-09-19,iPad2020,5〜7営業日,Wifi+Celluar,32GB,Gray
Jp,2020-09-19,iPad2020,7〜10営業日,Wifi,128GB,Gray
Jp,2020-09-19,iPad2020,5〜7営業日,Wifi+Celluar,128GB,Gray
Jp,2020-09-19,iPad2020,5〜7営業日,Wifi,32GB,Silver
Jp,2020-09-19,iPad2020,5〜7営業日,Wifi+Celluar,32GB,Silver
Jp,2020-09-19,iPad2020,2〜3週間,Wifi,128GB,Silver
Jp,2020-09-19,iPad2020,5〜7営業日,Wifi+Celluar,128GB,Silver
Jp,2020-09-19,iPad2020,5〜7営業日,Wifi,32GB,Gold
Jp,2020-09-19,iPad2020,7〜10営業日,Wifi+Celluar,32GB,Gold
Jp,2020-09-19,iPad2020,5〜7営業日,Wifi,128GB,Gold
Jp,2020-09-19,iPad2020,7〜10営業日,Wifi+Celluar,128GB,Gold
Hk,2020-09-19,iPad2020,10/10/2020 - 17/10/2020 – Free,Wifi,32GB,Gray
Hk,2020-09-19,iPad2020,03/10/2020 - 06/10/2020 – Free,Wifi+Celluar,32GB,Gray
Hk,2020-09-19,iPad2020,10/10/2020 - 17/10/2020 – Free,Wifi,128GB,Gray
Hk,2020-09-19,iPad2020,06/10/2020 - 10/10/2020 – Free,Wifi+Celluar,128GB,Gray
Hk,2020-09-19,iPad2020,10/10/2020 - 17/10/2020 – Free,Wifi,32GB,Silver
Hk,2020-09-19,iPad2020,03/10/2020 - 06/10/2020 – Free,Wifi+Celluar,32GB,Silver
Hk,2020-09-19,iPad2020,10/10/2020 - 17/10/2020 – Free,Wifi,128GB,Silver
Hk,2020-09-19,iPad2020,03/10/2020 - 06/10/2020 – Free,Wifi+Celluar,128GB,Silver
Hk,2020-09-19,iPad2020,10/10/2020 - 17/10/2020 – Free,Wifi,32GB,Gold
Hk,2020-09-19,iPad2020,03/10/2020 - 06/10/2020 – Free,Wifi+Celluar,32GB,Gold
Hk,2020-09-19,iPad2020,10/10/2020 - 17/10/2020 – Free,Wifi,128GB,Gold
Hk,2020-09-19,iPad2020,03/10/2020 - 06/10/2020 – Free,Wifi+Celluar,128GB,Gold
Uk,2020-09-19,iPad2020,6 Oct - 13 Oct – Free,Wifi,32GB,Gray
Uk,2020-09-19,iPad2020,29 Sep - 1 Oct – Free,Wifi+Celluar,32GB,Gray
Uk,2020-09-19,iPad2020,6 Oct - 13 Oct – Free,Wifi,128GB,Gray
Uk,2020-09-19,iPad2020,29 Sep - 1 Oct – Free,Wifi+Celluar,128GB,Gray
Uk,2020-09-19,iPad2020,6 Oct - 13 Oct – Free,Wifi,32GB,Silver
Uk,2020-09-19,iPad2020,29 Sep - 1 Oct – Free,Wifi+Celluar,32GB,Silver
Uk,2020-09-19,iPad2020,1 Oct - 6 Oct – Free,Wifi,128GB,Silver
Uk,2020-09-19,iPad2020,29 Sep - 1 Oct – Free,Wifi+Celluar,128GB,Silver
Uk,2020-09-19,iPad2020,13 Oct - 20 Oct – Free,Wifi,32GB,Gold
Uk,2020-09-19,iPad2020,6 Oct - 13 Oct – Free,Wifi+Celluar,32GB,Gold
Uk,2020-09-19,iPad2020,6 Oct - 13 Oct – Free,Wifi,128GB,Gold
Uk,2020-09-19,iPad2020,29 Sep - 1 Oct – Free,Wifi+Celluar,128GB,Gold
De,2020-09-19,iPad2020,2 Okt - 7 Okt – Kostenlos,Wifi,32GB,Gray
De,2020-09-19,iPad2020,30 Sep - 2 Okt – Kostenlos,Wifi+Celluar,32GB,Gray
De,2020-09-19,iPad2020,7 Okt - 14 Okt – Kostenlos,Wifi,128GB,Gray
De,2020-09-19,iPad2020,30 Sep - 2 Okt – Kostenlos,Wifi+Celluar,128GB,Gray
De,2020-09-19,iPad2020,2 Okt - 7 Okt – Kostenlos,Wifi,32GB,Silver
De,2020-09-19,iPad2020,30 Sep - 2 Okt – Kostenlos,Wifi+Celluar,32GB,Silver
De,2020-09-19,iPad2020,7 Okt - 14 Okt – Kostenlos,Wifi,128GB,Silver
De,2020-09-19,iPad2020,30 Sep - 2 Okt – Kostenlos,Wifi+Celluar,128GB,Silver
De,2020-09-19,iPad2020,30 Sep - 2 Okt – Kostenlos,Wifi,32GB,Gold
De,2020-09-19,iPad2020,30 Sep - 2 Okt – Kostenlos,Wifi+Celluar,32GB,Gold
De,2020-09-19,iPad2020,2 Okt - 7 Okt – Kostenlos,Wifi,128GB,Gold
De,2020-09-19,iPad2020,30 Sep - 2 Okt – Kostenlos,Wifi+Celluar,128GB,Gold
Ru,2020-09-19,iPad2020,в настоящее время недоступно,Wifi,32GB,Gray
Ru,2020-09-19,iPad2020,в настоящее время недоступно,Wifi+Celluar,32GB,Gray
Ru,2020-09-19,iPad2020,в настоящее время недоступно,Wifi,128GB,Gray
Ru,2020-09-19,iPad2020,в настоящее время недоступно,Wifi+Celluar,128GB,Gray
Ru,2020-09-19,iPad2020,в настоящее время недоступно,Wifi,32GB,Silver
Ru,2020-09-19,iPad2020,в настоящее время недоступно,Wifi+Celluar,32GB,Silver
Ru,2020-09-19,iPad2020,в настоящее время недоступно,Wifi,128GB,Silver
Ru,2020-09-19,iPad2020,в настоящее время недоступно,Wifi+Celluar,128GB,Silver
Ru,2020-09-19,iPad2020,в настоящее время недоступно,Wifi,32GB,Gold
Ru,2020-09-19,iPad2020,в настоящее время недоступно,Wifi+Celluar,32GB,Gold
Ru,2020-09-19,iPad2020,в настоящее время недоступно,Wifi,128GB,Gold
Ru,2020-09-19,iPad2020,в настоящее время недоступно,Wifi+Celluar,128GB,Gold
Fr,2020-09-19,iPad2020,1 Oct. - 6 Oct. – Gratuite,Wifi,32GB,Gray
Fr,2020-09-19,iPad2020,29 Sept. - 1 Oct. – Gratuite,Wifi+Celluar,32GB,Gray
Fr,2020-09-19,iPad2020,29 Sept. - 1 Oct. – Gratuite,Wifi,128GB,Gray
Fr,2020-09-19,iPad2020,29 Sept. - 1 Oct. – Gratuite,Wifi+Celluar,128GB,Gray
Fr,2020-09-19,iPad2020,29 Sept. - 1 Oct. – Gratuite,Wifi,32GB,Silver
Fr,2020-09-19,iPad2020,29 Sept. - 1 Oct. – Gratuite,Wifi+Celluar,32GB,Silver
Fr,2020-09-19,iPad2020,29 Sept. - 1 Oct. – Gratuite,Wifi,128GB,Silver
Fr,2020-09-19,iPad2020,29 Sept. - 1 Oct. – Gratuite,Wifi+Celluar,128GB,Silver
Fr,2020-09-19,iPad2020,29 Sept. - 1 Oct. – Gratuite,Wifi,32GB,Gold
Fr,2020-09-19,iPad2020,29 Sept. - 1 Oct. – Gratuite,Wifi+Celluar,32GB,Gold
Fr,2020-09-19,iPad2020,29 Sept. - 1 Oct. – Gratuite,Wifi,128GB,Gold
Fr,2020-09-19,iPad2020,29 Sept. - 1 Oct. – Gratuite,Wifi+Celluar,128GB,Gold
Tw,2020-09-19,iPadAir2020,暫未發售,Wifi+Celluar,64GB,Gray
Tw,2020-09-19,iPadAir2020,暫未發售,Wifi+Celluar,64GB,Gray
Tw,2020-09-19,iPadAir2020,暫未發售,Wifi,256GB,Gray
Tw,2020-09-19,iPadAir2020,暫未發售,Wifi+Celluar,256GB,Gray
Tw,2020-09-19,iPadAir2020,暫未發售,Wifi,64GB,Silver
Tw,2020-09-19,iPadAir2020,暫未發售,Wifi+Celluar,64GB,Silver
Tw,2020-09-19,iPadAir2020,暫未發售,Wifi,256GB,Silver
Tw,2020-09-19,iPadAir2020,暫未發售,Wifi+Celluar,256GB,Silver
Tw,2020-09-19,iPadAir2020,暫未發售,Wifi,64GB,Gold
Tw,2020-09-19,iPadAir2020,暫未發售,Wifi+Celluar,64GB,Gold
Tw,2020-09-19,iPadAir2020,暫未發售,Wifi,256GB,Gold
Tw,2020-09-19,iPadAir2020,暫未發售,Wifi+Celluar,256GB,Gold
Tw,2020-09-19,iPadAir2020,暫未發售,Wifi,64GB,Green
Tw,2020-09-19,iPadAir2020,暫未發售,Wifi+Celluar,64GB,Green
Tw,2020-09-19,iPadAir2020,暫未發售,Wifi,256GB,Green
Tw,2020-09-19,iPadAir2020,暫未發售,Wifi+Celluar,256GB,Green
Tw,2020-09-19,iPadAir2020,暫未發售,Wifi,64GB,Blue
Tw,2020-09-19,iPadAir2020,暫未發售,Wifi+Celluar,64GB,Blue
Tw,2020-09-19,iPadAir2020,暫未發售,Wifi,256GB,Blue
Tw,2020-09-19,iPadAir2020,暫未發售,Wifi+Celluar,256GB,Blue
Cn,2020-09-19,iPadAir2020,暂未发售,Wifi+Celluar,64GB,Gray
Cn,2020-09-19,iPadAir2020,暂未发售,Wifi+Celluar,64GB,Gray
Cn,2020-09-19,iPadAir2020,暂未发售,Wifi,256GB,Gray
Cn,2020-09-19,iPadAir2020,暂未发售,Wifi+Celluar,256GB,Gray
Cn,2020-09-19,iPadAir2020,暂未发售,Wifi,64GB,Silver
Cn,2020-09-19,iPadAir2020,暂未发售,Wifi+Celluar,64GB,Silver
Cn,2020-09-19,iPadAir2020,暂未发售,Wifi,256GB,Silver
Cn,2020-09-19,iPadAir2020,暂未发售,Wifi+Celluar,256GB,Silver
Cn,2020-09-19,iPadAir2020,暂未发售,Wifi,64GB,Gold
Cn,2020-09-19,iPadAir2020,暂未发售,Wifi+Celluar,64GB,Gold
Cn,2020-09-19,iPadAir2020,暂未发售,Wifi,256GB,Gold
Cn,2020-09-19,iPadAir2020,暂未发售,Wifi+Celluar,256GB,Gold
Cn,2020-09-19,iPadAir2020,暂未发售,Wifi,64GB,Green
Cn,2020-09-19,iPadAir2020,暂未发售,Wifi+Celluar,64GB,Green
Cn,2020-09-19,iPadAir2020,暂未发售,Wifi,256GB,Green
Cn,2020-09-19,iPadAir2020,暂未发售,Wifi+Celluar,256GB,Green
Cn,2020-09-19,iPadAir2020,暂未发售,Wifi,64GB,Blue
Cn,2020-09-19,iPadAir2020,暂未发售,Wifi+Celluar,64GB,Blue
Cn,2020-09-19,iPadAir2020,暂未发售,Wifi,256GB,Blue
Cn,2020-09-19,iPadAir2020,暂未发售,Wifi+Celluar,256GB,Blue
Jp,2020-09-19,iPadAir2020,現在注文できません,Wifi+Celluar,64GB,Gray
Jp,2020-09-19,iPadAir2020,現在注文できません,Wifi+Celluar,64GB,Gray
Jp,2020-09-19,iPadAir2020,現在注文できません,Wifi,256GB,Gray
Jp,2020-09-19,iPadAir2020,現在注文できません,Wifi+Celluar,256GB,Gray
Jp,2020-09-19,iPadAir2020,現在注文できません,Wifi,64GB,Silver
Jp,2020-09-19,iPadAir2020,現在注文できません,Wifi+Celluar,64GB,Silver
Jp,2020-09-19,iPadAir2020,現在注文できません,Wifi,256GB,Silver
Jp,2020-09-19,iPadAir2020,現在注文できません,Wifi+Celluar,256GB,Silver
Jp,2020-09-19,iPadAir2020,現在注文できません,Wifi,64GB,Gold
Jp,2020-09-19,iPadAir2020,現在注文できません,Wifi+Celluar,64GB,Gold
Jp,2020-09-19,iPadAir2020,現在注文できません,Wifi,256GB,Gold
Jp,2020-09-19,iPadAir2020,現在注文できません,Wifi+Celluar,256GB,Gold
Jp,2020-09-19,iPadAir2020,現在注文できません,Wifi,64GB,Green
Jp,2020-09-19,iPadAir2020,現在注文できません,Wifi+Celluar,64GB,Green
Jp,2020-09-19,iPadAir2020,現在注文できません,Wifi,256GB,Green
Jp,2020-09-19,iPadAir2020,現在注文できません,Wifi+Celluar,256GB,Green
Jp,2020-09-19,iPadAir2020,現在注文できません,Wifi,64GB,Blue
Jp,2020-09-19,iPadAir2020,現在注文できません,Wifi+Celluar,64GB,Blue
Jp,2020-09-19,iPadAir2020,現在注文できません,Wifi,256GB,Blue
Jp,2020-09-19,iPadAir2020,現在注文できません,Wifi+Celluar,256GB,Blue
Hk,2020-09-19,iPadAir2020,Currently unavailable,Wifi+Celluar,64GB,Gray
Hk,2020-09-19,iPadAir2020,Currently unavailable,Wifi+Celluar,64GB,Gray
Hk,2020-09-19,iPadAir2020,Currently unavailable,Wifi,256GB,Gray
Hk,2020-09-19,iPadAir2020,Currently unavailable,Wifi+Celluar,256GB,Gray
Hk,2020-09-19,iPadAir2020,Currently unavailable,Wifi,64GB,Silver
Hk,2020-09-19,iPadAir2020,Currently unavailable,Wifi+Celluar,64GB,Silver
Hk,2020-09-19,iPadAir2020,Currently unavailable,Wifi,256GB,Silver
Hk,2020-09-19,iPadAir2020,Currently unavailable,Wifi+Celluar,256GB,Silver
Hk,2020-09-19,iPadAir2020,Currently unavailable,Wifi,64GB,Gold
Hk,2020-09-19,iPadAir2020,Currently unavailable,Wifi+Celluar,64GB,Gold
Hk,2020-09-19,iPadAir2020,Currently unavailable,Wifi,256GB,Gold
Hk,2020-09-19,iPadAir2020,Currently unavailable,Wifi+Celluar,256GB,Gold
Hk,2020-09-19,iPadAir2020,Currently unavailable,Wifi,64GB,Green
Hk,2020-09-19,iPadAir2020,Currently unavailable,Wifi+Celluar,64GB,Green
Hk,2020-09-19,iPadAir2020,Currently unavailable,Wifi,256GB,Green
Hk,2020-09-19,iPadAir2020,Currently unavailable,Wifi+Celluar,256GB,Green
Hk,2020-09-19,iPadAir2020,Currently unavailable,Wifi,64GB,Blue
Hk,2020-09-19,iPadAir2020,Currently unavailable,Wifi+Celluar,64GB,Blue
Hk,2020-09-19,iPadAir2020,Currently unavailable,Wifi,256GB,Blue
Hk,2020-09-19,iPadAir2020,Currently unavailable,Wifi+Celluar,256GB,Blue
Uk,2020-09-19,iPadAir2020,Currently unavailable,Wifi+Celluar,64GB,Gray
Uk,2020-09-19,iPadAir2020,Currently unavailable,Wifi+Celluar,64GB,Gray
Uk,2020-09-19,iPadAir2020,Currently unavailable,Wifi,256GB,Gray
Uk,2020-09-19,iPadAir2020,Currently unavailable,Wifi+Celluar,256GB,Gray
Uk,2020-09-19,iPadAir2020,Currently unavailable,Wifi,64GB,Silver
Uk,2020-09-19,iPadAir2020,Currently unavailable,Wifi+Celluar,64GB,Silver
Uk,2020-09-19,iPadAir2020,Currently unavailable,Wifi,256GB,Silver
Uk,2020-09-19,iPadAir2020,Currently unavailable,Wifi+Celluar,256GB,Silver
Uk,2020-09-19,iPadAir2020,Currently unavailable,Wifi,64GB,Gold
Uk,2020-09-19,iPadAir2020,Currently unavailable,Wifi+Celluar,64GB,Gold
Uk,2020-09-19,iPadAir2020,Currently unavailable,Wifi,256GB,Gold
Uk,2020-09-19,iPadAir2020,Currently unavailable,Wifi+Celluar,256GB,Gold
Uk,2020-09-19,iPadAir2020,Currently unavailable,Wifi,64GB,Green
Uk,2020-09-19,iPadAir2020,Currently unavailable,Wifi+Celluar,64GB,Green
Uk,2020-09-19,iPadAir2020,Currently unavailable,Wifi,256GB,Green
Uk,2020-09-19,iPadAir2020,Currently unavailable,Wifi+Celluar,256GB,Green
Uk,2020-09-19,iPadAir2020,Currently unavailable,Wifi,64GB,Blue
Uk,2020-09-19,iPadAir2020,Currently unavailable,Wifi+Celluar,64GB,Blue
Uk,2020-09-19,iPadAir2020,Currently unavailable,Wifi,256GB,Blue
Uk,2020-09-19,iPadAir2020,Currently unavailable,Wifi+Celluar,256GB,Blue
De,2020-09-19,iPadAir2020,Derzeit nicht verfügbar,Wifi+Celluar,64GB,Gray
De,2020-09-19,iPadAir2020,Derzeit nicht verfügbar,Wifi+Celluar,64GB,Gray
De,2020-09-19,iPadAir2020,Derzeit nicht verfügbar,Wifi,256GB,Gray
De,2020-09-19,iPadAir2020,Derzeit nicht verfügbar,Wifi+Celluar,256GB,Gray
De,2020-09-19,iPadAir2020,Derzeit nicht verfügbar,Wifi,64GB,Silver
De,2020-09-19,iPadAir2020,Derzeit nicht verfügbar,Wifi+Celluar,64GB,Silver
De,2020-09-19,iPadAir2020,Derzeit nicht verfügbar,Wifi,256GB,Silver
De,2020-09-19,iPadAir2020,Derzeit nicht verfügbar,Wifi+Celluar,256GB,Silver
De,2020-09-19,iPadAir2020,Derzeit nicht verfügbar,Wifi,64GB,Gold
De,2020-09-19,iPadAir2020,Derzeit nicht verfügbar,Wifi+Celluar,64GB,Gold
De,2020-09-19,iPadAir2020,Derzeit nicht verfügbar,Wifi,256GB,Gold
De,2020-09-19,iPadAir2020,Derzeit nicht verfügbar,Wifi+Celluar,256GB,Gold
De,2020-09-19,iPadAir2020,Derzeit nicht verfügbar,Wifi,64GB,Green
De,2020-09-19,iPadAir2020,Derzeit nicht verfügbar,Wifi+Celluar,64GB,Green
De,2020-09-19,iPadAir2020,Derzeit nicht verfügbar,Wifi,256GB,Green
De,2020-09-19,iPadAir2020,Derzeit nicht verfügbar,Wifi+Celluar,256GB,Green
De,2020-09-19,iPadAir2020,Derzeit nicht verfügbar,Wifi,64GB,Blue
De,2020-09-19,iPadAir2020,Derzeit nicht verfügbar,Wifi+Celluar,64GB,Blue
De,2020-09-19,iPadAir2020,Derzeit nicht verfügbar,Wifi,256GB,Blue
De,2020-09-19,iPadAir2020,Derzeit nicht verfügbar,Wifi+Celluar,256GB,Blue
Ru,2020-09-19,iPadAir2020,В настоящее время недоступно,Wifi+Celluar,64GB,Gray
Ru,2020-09-19,iPadAir2020,В настоящее время недоступно,Wifi+Celluar,64GB,Gray
Ru,2020-09-19,iPadAir2020,В настоящее время недоступно,Wifi,256GB,Gray
Ru,2020-09-19,iPadAir2020,В настоящее время недоступно,Wifi+Celluar,256GB,Gray
Ru,2020-09-19,iPadAir2020,В настоящее время недоступно,Wifi,64GB,Silver
Ru,2020-09-19,iPadAir2020,В настоящее время недоступно,Wifi+Celluar,64GB,Silver
Ru,2020-09-19,iPadAir2020,В настоящее время недоступно,Wifi,256GB,Silver
Ru,2020-09-19,iPadAir2020,В настоящее время недоступно,Wifi+Celluar,256GB,Silver
Ru,2020-09-19,iPadAir2020,В настоящее время недоступно,Wifi,64GB,Gold
Ru,2020-09-19,iPadAir2020,В настоящее время недоступно,Wifi+Celluar,64GB,Gold
Ru,2020-09-19,iPadAir2020,В настоящее время недоступно,Wifi,256GB,Gold
Ru,2020-09-19,iPadAir2020,В настоящее время недоступно,Wifi+Celluar,256GB,Gold
Ru,2020-09-19,iPadAir2020,В настоящее время недоступно,Wifi,64GB,Green
Ru,2020-09-19,iPadAir2020,В настоящее время недоступно,Wifi+Celluar,64GB,Green
Ru,2020-09-19,iPadAir2020,В настоящее время недоступно,Wifi,256GB,Green
Ru,2020-09-19,iPadAir2020,В настоящее время недоступно,Wifi+Celluar,256GB,Green
Ru,2020-09-19,iPadAir2020,В настоящее время недоступно,Wifi,64GB,Blue
Ru,2020-09-19,iPadAir2020,В настоящее время недоступно,Wifi+Celluar,64GB,Blue
Ru,2020-09-19,iPadAir2020,В настоящее время недоступно,Wifi,256GB,Blue
Ru,2020-09-19,iPadAir2020,В настоящее время недоступно,Wifi+Celluar,256GB,Blue
Fr,2020-09-19,iPadAir2020,Non disponible actuellement,Wifi+Celluar,64GB,Gray
Fr,2020-09-19,iPadAir2020,Non disponible actuellement,Wifi+Celluar,64GB,Gray
Fr,2020-09-19,iPadAir2020,Non disponible actuellement,Wifi,256GB,Gray
Fr,2020-09-19,iPadAir2020,Non disponible actuellement,Wifi+Celluar,256GB,Gray
Fr,2020-09-19,iPadAir2020,Non disponible actuellement,Wifi,64GB,Silver
Fr,2020-09-19,iPadAir2020,Non disponible actuellement,Wifi+Celluar,64GB,Silver
Fr,2020-09-19,iPadAir2020,Non disponible actuellement,Wifi,256GB,Silver
Fr,2020-09-19,iPadAir2020,Non disponible actuellement,Wifi+Celluar,256GB,Silver
Fr,2020-09-19,iPadAir2020,Non disponible actuellement,Wifi,64GB,Gold
Fr,2020-09-19,iPadAir2020,Non disponible actuellement,Wifi+Celluar,64GB,Gold
Fr,2020-09-19,iPadAir2020,Non disponible actuellement,Wifi,256GB,Gold
Fr,2020-09-19,iPadAir2020,Non disponible actuellement,Wifi+Celluar,256GB,Gold
Fr,2020-09-19,iPadAir2020,Non disponible actuellement,Wifi,64GB,Green
Fr,2020-09-19,iPadAir2020,Non disponible actuellement,Wifi+Celluar,64GB,Green
Fr,2020-09-19,iPadAir2020,Non disponible actuellement,Wifi,256GB,Green
Fr,2020-09-19,iPadAir2020,Non disponible actuellement,Wifi+Celluar,256GB,Green
Fr,2020-09-19,iPadAir2020,Non disponible actuellement,Wifi,64GB,Blue
Fr,2020-09-19,iPadAir2020,Non disponible actuellement,Wifi+Celluar,64GB,Blue
Fr,2020-09-19,iPadAir2020,Non disponible actuellement,Wifi,256GB,Blue
Fr,2020-09-19,iPadAir2020,Non disponible actuellement,Wifi+Celluar,256GB,Blue
Tw,2020-09-19,AppleWatch6,7-8 週,GPS,40mm,
Tw,2020-09-19,AppleWatch6,7-8 週,GPS+Celluar,40mm,
Tw,2020-09-19,AppleWatch6,7-8 週,GPS,44mm,
Tw,2020-09-19,AppleWatch6,7-8 週,GPS+Celluar,44mm,
Cn,2020-09-19,AppleWatch6,7-8 周,GPS,40mm,
Cn,2020-09-19,AppleWatch6,7-8 周,GPS+Celluar,40mm,
Cn,2020-09-19,AppleWatch6,7-8 周,GPS,44mm,
Cn,2020-09-19,AppleWatch6,7-8 周,GPS+Celluar,44mm,
Jp,2020-09-19,AppleWatch6,7〜8週間,GPS,40mm,
Jp,2020-09-19,AppleWatch6,7〜8週間,GPS+Celluar,40mm,
Jp,2020-09-19,AppleWatch6,7〜8週間,GPS,44mm,
Jp,2020-09-19,AppleWatch6,7〜8週間,GPS+Celluar,44mm,
Hk,2020-09-19,AppleWatch6,16/11/2020 - 19/11/2020 – Free,GPS,40mm,
Hk,2020-09-19,AppleWatch6,16/11/2020 - 19/11/2020 – Free,GPS+Celluar,40mm,
Hk,2020-09-19,AppleWatch6,16/11/2020 - 19/11/2020 – Free,GPS,44mm,
Hk,2020-09-19,AppleWatch6,16/11/2020 - 19/11/2020 – Free,GPS+Celluar,44mm,
Uk,2020-09-19,AppleWatch6,17 Nov - 23 Nov – Free,GPS,40mm,
Uk,2020-09-19,AppleWatch6,17 Nov - 23 Nov – Free,GPS+Celluar,40mm,
Uk,2020-09-19,AppleWatch6,17 Nov - 23 Nov – Free,GPS,44mm,
Uk,2020-09-19,AppleWatch6,17 Nov - 23 Nov – Free,GPS+Celluar,44mm,
De,2020-09-19,AppleWatch6,17 Nov - 23 Nov – Kostenlos,GPS,40mm,
De,2020-09-19,AppleWatch6,17 Nov - 23 Nov – Kostenlos,GPS+Celluar,40mm,
De,2020-09-19,AppleWatch6,17 Nov - 23 Nov – Kostenlos,GPS,44mm,
De,2020-09-19,AppleWatch6,17 Nov - 23 Nov – Kostenlos,GPS+Celluar,44mm,
Fr,2020-09-19,AppleWatch6,18 Nov. - 23 Nov. – Gratuite,GPS,40mm,
Fr,2020-09-19,AppleWatch6,18 Nov. - 23 Nov. – Gratuite,GPS+Celluar,40mm,
Fr,2020-09-19,AppleWatch6,18 Nov. - 23 Nov. – Gratuite,GPS,44mm,
Fr,2020-09-19,AppleWatch6,18 Nov. - 23 Nov. – Gratuite,GPS+Celluar,44mm,
Tw,2020-09-19,AppleWatchSE,3-4 週,GPS,40mm,
Tw,2020-09-19,AppleWatchSE,3-4 週,GPS+Celluar,40mm,
Tw,2020-09-19,AppleWatchSE,3-4 週,GPS,44mm,
Tw,2020-09-19,AppleWatchSE,3-4 週,GPS+Celluar,44mm,
Cn,2020-09-19,AppleWatchSE,4-6 个工作日,GPS,40mm,
Cn,2020-09-19,AppleWatchSE,3-4 周,GPS+Celluar,40mm,
Cn,2020-09-19,AppleWatchSE,4-6 个工作日,GPS,44mm,
Cn,2020-09-19,AppleWatchSE,3-4 周,GPS+Celluar,44mm,
Jp,2020-09-19,AppleWatchSE,3〜4週間,GPS,40mm,
Jp,2020-09-19,AppleWatchSE,7〜10営業日,GPS+Celluar,40mm,
Jp,2020-09-19,AppleWatchSE,2〜4営業日,GPS,44mm,
Jp,2020-09-19,AppleWatchSE,2〜4営業日,GPS+Celluar,44mm,
Hk,2020-09-19,AppleWatchSE,05/10/2020 - 09/10/2020 – Free,GPS,40mm,
Hk,2020-09-19,AppleWatchSE,16/10/2020 - 23/10/2020 – Free,GPS+Celluar,40mm,
Hk,2020-09-19,AppleWatchSE,25/09/2020 - 28/09/2020 – Free,GPS,44mm,
Hk,2020-09-19,AppleWatchSE,25/09/2020 - 28/09/2020 – Free,GPS+Celluar,44mm,
Uk,2020-09-19,AppleWatchSE,7 Oct - 9 Oct – Free,GPS,40mm,
Uk,2020-09-19,AppleWatchSE,12 Oct - 15 Oct – Free,GPS+Celluar,40mm,
Uk,2020-09-19,AppleWatchSE,7 Oct - 9 Oct – Free,GPS,44mm,
Uk,2020-09-19,AppleWatchSE,7 Oct - 9 Oct – Free,GPS+Celluar,44mm,
De,2020-09-19,AppleWatchSE,7 Okt - 9 Okt – Kostenlos,GPS,40mm,
De,2020-09-19,AppleWatchSE,7 Okt - 9 Okt – Kostenlos,GPS+Celluar,40mm,
De,2020-09-19,AppleWatchSE,7 Okt - 9 Okt – Kostenlos,GPS,44mm,
De,2020-09-19,AppleWatchSE,7 Okt - 9 Okt – Kostenlos,GPS+Celluar,44mm,
Fr,2020-09-19,AppleWatchSE,7 Oct. - 9 Oct. – Gratuite,GPS,40mm,
Fr,2020-09-19,AppleWatchSE,22 Oct. - 29 Oct. – Gratuite,GPS+Celluar,40mm,
Fr,2020-09-19,AppleWatchSE,7 Oct. - 9 Oct. – Gratuite,GPS,44mm,
Fr,2020-09-19,AppleWatchSE,7 Oct. - 9 Oct. – Gratuite,GPS+Celluar,44mm,
Us,2020-09-18,AppleWatch6,7–8 weeks,GPS,40mm,
Us,2020-09-18,AppleWatch6,7–8 weeks,GPS+Celluar,40mm,
Us,2020-09-18,AppleWatch6,7–8 weeks,GPS,44mm,
Us,2020-09-18,AppleWatch6,7–8 weeks,GPS+Celluar,44mm,
Us,2020-09-18,AppleWatchSE,2–4 business days,GPS,40mm,
Us,2020-09-18,AppleWatchSE,2–4 business days,GPS+Celluar,40mm,
Us,2020-09-18,AppleWatchSE,2–4 business days,GPS,44mm,
Us,2020-09-18,AppleWatchSE,2–4 business days,GPS+Celluar,44mm,
Us,2020-09-18,iPad2020,7–10 business days,Wifi,32GB,Gray
Us,2020-09-18,iPad2020,5–7 business days,Wifi+Celluar,32GB,Gray
Us,2020-09-18,iPad2020,5–7 business days,Wifi,128GB,Gray
Us,2020-09-18,iPad2020,7–10 business days,Wifi+Celluar,128GB,Gray
Us,2020-09-18,iPad2020,5–7 business days,Wifi,32GB,Silver
Us,2020-09-18,iPad2020,7–10 business days,Wifi+Celluar,32GB,Silver
Us,2020-09-18,iPad2020,5–7 business days,Wifi,128GB,Silver
Us,2020-09-18,iPad2020,2–3 weeks,Wifi+Celluar,128GB,Silver
Us,2020-09-18,iPad2020,7–10 business days,Wifi,32GB,Gold
Us,2020-09-18,iPad2020,5–7 business days,Wifi+Celluar,32GB,Gold
Us,2020-09-18,iPad2020,5–7 business days,Wifi,128GB,Gold
Us,2020-09-18,iPad2020,7–10 business days,Wifi+Celluar,128GB,Gold
Us,2020-09-18,iPadAir2020,Currently unavailable,Wifi+Celluar,64GB,Gray
Us,2020-09-18,iPadAir2020,Currently unavailable,Wifi+Celluar,64GB,Gray
Us,2020-09-18,iPadAir2020,Currently unavailable,Wifi,256GB,Gray
Us,2020-09-18,iPadAir2020,Currently unavailable,Wifi+Celluar,256GB,Gray
Us,2020-09-18,iPadAir2020,Currently unavailable,Wifi,64GB,Silver
Us,2020-09-18,iPadAir2020,Currently unavailable,Wifi+Celluar,64GB,Silver
Us,2020-09-18,iPadAir2020,Currently unavailable,Wifi,256GB,Silver
Us,2020-09-18,iPadAir2020,Currently unavailable,Wifi+Celluar,256GB,Silver
Us,2020-09-18,iPadAir2020,Currently unavailable,Wifi,64GB,Gold
Us,2020-09-18,iPadAir2020,Currently unavailable,Wifi+Celluar,64GB,Gold
Us,2020-09-18,iPadAir2020,Currently unavailable,Wifi,256GB,Gold
Us,2020-09-18,iPadAir2020,Currently unavailable,Wifi+Celluar,256GB,Gold
Us,2020-09-18,iPadAir2020,Currently unavailable,Wifi,64GB,Green
Us,2020-09-18,iPadAir2020,Currently unavailable,Wifi+Celluar,64GB,Green
Us,2020-09-18,iPadAir2020,Currently unavailable,Wifi,256GB,Green
Us,2020-09-18,iPadAir2020,Currently unavailable,Wifi+Celluar,256GB,Green
Us,2020-09-18,iPadAir2020,Currently unavailable,Wifi,64GB,Blue
Us,2020-09-18,iPadAir2020,Currently unavailable,Wifi+Celluar,64GB,Blue
Us,2020-09-18,iPadAir2020,Currently unavailable,Wifi,256GB,Blue
Us,2020-09-18,iPadAir2020,Currently unavailable,Wifi+Celluar,256GB,Blue
Tw,2020-09-18,iPad2020,暫未發售,Wifi,32GB,Gray
Tw,2020-09-18,iPad2020,暫未發售,Wifi+Celluar,32GB,Gray
Tw,2020-09-18,iPad2020,暫未發售,Wifi,128GB,Gray
Tw,2020-09-18,iPad2020,暫未發售,Wifi+Celluar,128GB,Gray
Tw,2020-09-18,iPad2020,暫未發售,Wifi,32GB,Silver
Tw,2020-09-18,iPad2020,暫未發售,Wifi+Celluar,32GB,Gray
Tw,2020-09-18,iPad2020,暫未發售,Wifi,128GB,Silver
Tw,2020-09-18,iPad2020,暫未發售,Wifi+Celluar,128GB,Silver
Tw,2020-09-18,iPad2020,暫未發售,Wifi,32GB,Gold
Tw,2020-09-18,iPad2020,暫未發售,Wifi+Celluar,32GB,Gold
Tw,2020-09-18,iPad2020,暫未發售,Wifi,128GB,Gold
Tw,2020-09-18,iPad2020,暫未發售,Wifi+Celluar,128GB,Gold
Cn,2020-09-18,iPad2020,7-10 个工作日,Wifi,32GB,Gray
Cn,2020-09-18,iPad2020,暂未发售,Wifi+Celluar,32GB,Gray
Cn,2020-09-18,iPad2020,7-10 个工作日,Wifi,128GB,Gray
Cn,2020-09-18,iPad2020,暂未发售,Wifi+Celluar,128GB,Gray
Cn,2020-09-18,iPad2020,7-10 个工作日,Wifi,32GB,Silver
Cn,2020-09-18,iPad2020,暂未发售,Wifi+Celluar,32GB,Silver
Cn,2020-09-18,iPad2020,7-10 个工作日,Wifi,128GB,Silver
Cn,2020-09-18,iPad2020,暂未发售,Wifi+Celluar,128GB,Silver
Cn,2020-09-18,iPad2020,7-10 个工作日,Wifi,32GB,Gold
Cn,2020-09-18,iPad2020,暂未发售,Wifi+Celluar,32GB,Gold
Cn,2020-09-18,iPad2020,7-10 个工作日,Wifi,128GB,Gold
Cn,2020-09-18,iPad2020,暂未发售,Wifi+Celluar,128GB,Gold
Jp,2020-09-18,iPad2020,5〜7営業日,Wifi,32GB,Gray
Jp,2020-09-18,iPad2020,5〜7営業日,Wifi+Celluar,32GB,Gray
Jp,2020-09-18,iPad2020,7〜10営業日,Wifi,128GB,Gray
Jp,2020-09-18,iPad2020,5〜7営業日,Wifi+Celluar,128GB,Gray
Jp,2020-09-18,iPad2020,5〜7営業日,Wifi,32GB,Silver
Jp,2020-09-18,iPad2020,5〜7営業日,Wifi+Celluar,32GB,Silver
Jp,2020-09-18,iPad2020,2〜3週間,Wifi,128GB,Silver
Jp,2020-09-18,iPad2020,5〜7営業日,Wifi+Celluar,128GB,Silver
Jp,2020-09-18,iPad2020,5〜7営業日,Wifi,32GB,Gold
Jp,2020-09-18,iPad2020,7〜10営業日,Wifi+Celluar,32GB,Gold
Jp,2020-09-18,iPad2020,5〜7営業日,Wifi,128GB,Gold
Jp,2020-09-18,iPad2020,7〜10営業日,Wifi+Celluar,128GB,Gold
Hk,2020-09-18,iPad2020,10/10/2020 - 17/10/2020 – Free,Wifi,32GB,Gray
Hk,2020-09-18,iPad2020,03/10/2020 - 06/10/2020 – Free,Wifi+Celluar,32GB,Gray
Hk,2020-09-18,iPad2020,10/10/2020 - 17/10/2020 – Free,Wifi,128GB,Gray
Hk,2020-09-18,iPad2020,06/10/2020 - 10/10/2020 – Free,Wifi+Celluar,128GB,Gray
Hk,2020-09-18,iPad2020,10/10/2020 - 17/10/2020 – Free,Wifi,32GB,Silver
Hk,2020-09-18,iPad2020,03/10/2020 - 06/10/2020 – Free,Wifi+Celluar,32GB,Silver
Hk,2020-09-18,iPad2020,10/10/2020 - 17/10/2020 – Free,Wifi,128GB,Silver
Hk,2020-09-18,iPad2020,03/10/2020 - 06/10/2020 – Free,Wifi+Celluar,128GB,Silver
Hk,2020-09-18,iPad2020,10/10/2020 - 17/10/2020 – Free,Wifi,32GB,Gold
Hk,2020-09-18,iPad2020,03/10/2020 - 06/10/2020 – Free,Wifi+Celluar,32GB,Gold
Hk,2020-09-18,iPad2020,10/10/2020 - 17/10/2020 – Free,Wifi,128GB,Gold
Hk,2020-09-18,iPad2020,03/10/2020 - 06/10/2020 – Free,Wifi+Celluar,128GB,Gold
Uk,2020-09-18,iPad2020,6 Oct - 13 Oct – Free,Wifi,32GB,Gray
Uk,2020-09-18,iPad2020,29 Sep - 1 Oct – Free,Wifi+Celluar,32GB,Gray
Uk,2020-09-18,iPad2020,6 Oct - 13 Oct – Free,Wifi,128GB,Gray
Uk,2020-09-18,iPad2020,29 Sep - 1 Oct – Free,Wifi+Celluar,128GB,Gray
Uk,2020-09-18,iPad2020,6 Oct - 13 Oct – Free,Wifi,32GB,Silver
Uk,2020-09-18,iPad2020,29 Sep - 1 Oct – Free,Wifi+Celluar,32GB,Silver
Uk,2020-09-18,iPad2020,1 Oct - 6 Oct – Free,Wifi,128GB,Silver
Uk,2020-09-18,iPad2020,29 Sep - 1 Oct – Free,Wifi+Celluar,128GB,Silver
Uk,2020-09-18,iPad2020,13 Oct - 20 Oct – Free,Wifi,32GB,Gold
Uk,2020-09-18,iPad2020,6 Oct - 13 Oct – Free,Wifi+Celluar,32GB,Gold
Uk,2020-09-18,iPad2020,6 Oct - 13 Oct – Free,Wifi,128GB,Gold
Uk,2020-09-18,iPad2020,29 Sep - 1 Oct – Free,Wifi+Celluar,128GB,Gold
De,2020-09-18,iPad2020,2 Okt - 7 Okt – Kostenlos,Wifi,32GB,Gray
De,2020-09-18,iPad2020,30 Sep - 2 Okt – Kostenlos,Wifi+Celluar,32GB,Gray
De,2020-09-18,iPad2020,7 Okt - 14 Okt – Kostenlos,Wifi,128GB,Gray
De,2020-09-18,iPad2020,30 Sep - 2 Okt – Kostenlos,Wifi+Celluar,128GB,Gray
De,2020-09-18,iPad2020,2 Okt - 7 Okt – Kostenlos,Wifi,32GB,Silver
De,2020-09-18,iPad2020,30 Sep - 2 Okt – Kostenlos,Wifi+Celluar,32GB,Silver
De,2020-09-18,iPad2020,7 Okt - 14 Okt – Kostenlos,Wifi,128GB,Silver
De,2020-09-18,iPad2020,30 Sep - 2 Okt – Kostenlos,Wifi+Celluar,128GB,Silver
De,2020-09-18,iPad2020,30 Sep - 2 Okt – Kostenlos,Wifi,32GB,Gold
De,2020-09-18,iPad2020,30 Sep - 2 Okt – Kostenlos,Wifi+Celluar,32GB,Gold
De,2020-09-18,iPad2020,2 Okt - 7 Okt – Kostenlos,Wifi,128GB,Gold
De,2020-09-18,iPad2020,30 Sep - 2 Okt – Kostenlos,Wifi+Celluar,128GB,Gold
Ru,2020-09-18,iPad2020,в настоящее время недоступно,Wifi,32GB,Gray
Ru,2020-09-18,iPad2020,в настоящее время недоступно,Wifi+Celluar,32GB,Gray
Ru,2020-09-18,iPad2020,в настоящее время недоступно,Wifi,128GB,Gray
Ru,2020-09-18,iPad2020,в настоящее время недоступно,Wifi+Celluar,128GB,Gray
Ru,2020-09-18,iPad2020,в настоящее время недоступно,Wifi,32GB,Silver
Ru,2020-09-18,iPad2020,в настоящее время недоступно,Wifi+Celluar,32GB,Silver
Ru,2020-09-18,iPad2020,в настоящее время недоступно,Wifi,128GB,Silver
Ru,2020-09-18,iPad2020,в настоящее время недоступно,Wifi+Celluar,128GB,Silver
Ru,2020-09-18,iPad2020,в настоящее время недоступно,Wifi,32GB,Gold
Ru,2020-09-18,iPad2020,в настоящее время недоступно,Wifi+Celluar,32GB,Gold
Ru,2020-09-18,iPad2020,в настоящее время недоступно,Wifi,128GB,Gold
Ru,2020-09-18,iPad2020,в настоящее время недоступно,Wifi+Celluar,128GB,Gold
Fr,2020-09-18,iPad2020,1 Oct. - 6 Oct. – Gratuite,Wifi,32GB,Gray
Fr,2020-09-18,iPad2020,29 Sept. - 1 Oct. – Gratuite,Wifi+Celluar,32GB,Gray
Fr,2020-09-18,iPad2020,29 Sept. - 1 Oct. – Gratuite,Wifi,128GB,Gray
Fr,2020-09-18,iPad2020,29 Sept. - 1 Oct. – Gratuite,Wifi+Celluar,128GB,Gray
Fr,2020-09-18,iPad2020,29 Sept. - 1 Oct. – Gratuite,Wifi,32GB,Silver
Fr,2020-09-18,iPad2020,29 Sept. - 1 Oct. – Gratuite,Wifi+Celluar,32GB,Silver
Fr,2020-09-18,iPad2020,29 Sept. - 1 Oct. – Gratuite,Wifi,128GB,Silver
Fr,2020-09-18,iPad2020,29 Sept. - 1 Oct. – Gratuite,Wifi+Celluar,128GB,Silver
Fr,2020-09-18,iPad2020,29 Sept. - 1 Oct. – Gratuite,Wifi,32GB,Gold
Fr,2020-09-18,iPad2020,29 Sept. - 1 Oct. – Gratuite,Wifi+Celluar,32GB,Gold
Fr,2020-09-18,iPad2020,29 Sept. - 1 Oct. – Gratuite,Wifi,128GB,Gold
Fr,2020-09-18,iPad2020,29 Sept. - 1 Oct. – Gratuite,Wifi+Celluar,128GB,Gold
Tw,2020-09-18,iPadAir2020,暫未發售,Wifi+Celluar,64GB,Gray
Tw,2020-09-18,iPadAir2020,暫未發售,Wifi+Celluar,64GB,Gray
Tw,2020-09-18,iPadAir2020,暫未發售,Wifi,256GB,Gray
Tw,2020-09-18,iPadAir2020,暫未發售,Wifi+Celluar,256GB,Gray
Tw,2020-09-18,iPadAir2020,暫未發售,Wifi,64GB,Silver
Tw,2020-09-18,iPadAir2020,暫未發售,Wifi+Celluar,64GB,Silver
Tw,2020-09-18,iPadAir2020,暫未發售,Wifi,256GB,Silver
Tw,2020-09-18,iPadAir2020,暫未發售,Wifi+Celluar,256GB,Silver
Tw,2020-09-18,iPadAir2020,暫未發售,Wifi,64GB,Gold
Tw,2020-09-18,iPadAir2020,暫未發售,Wifi+Celluar,64GB,Gold
Tw,2020-09-18,iPadAir2020,暫未發售,Wifi,256GB,Gold
Tw,2020-09-18,iPadAir2020,暫未發售,Wifi+Celluar,256GB,Gold
Tw,2020-09-18,iPadAir2020,暫未發售,Wifi,64GB,Green
Tw,2020-09-18,iPadAir2020,暫未發售,Wifi+Celluar,64GB,Green
Tw,2020-09-18,iPadAir2020,暫未發售,Wifi,256GB,Green
Tw,2020-09-18,iPadAir2020,暫未發售,Wifi+Celluar,256GB,Green
Tw,2020-09-18,iPadAir2020,暫未發售,Wifi,64GB,Blue
Tw,2020-09-18,iPadAir2020,暫未發售,Wifi+Celluar,64GB,Blue
Tw,2020-09-18,iPadAir2020,暫未發售,Wifi,256GB,Blue
Tw,2020-09-18,iPadAir2020,暫未發售,Wifi+Celluar,256GB,Blue
Cn,2020-09-18,iPadAir2020,暂未发售,Wifi+Celluar,64GB,Gray
Cn,2020-09-18,iPadAir2020,暂未发售,Wifi+Celluar,64GB,Gray
Cn,2020-09-18,iPadAir2020,暂未发售,Wifi,256GB,Gray
Cn,2020-09-18,iPadAir2020,暂未发售,Wifi+Celluar,256GB,Gray
Cn,2020-09-18,iPadAir2020,暂未发售,Wifi,64GB,Silver
Cn,2020-09-18,iPadAir2020,暂未发售,Wifi+Celluar,64GB,Silver
Cn,2020-09-18,iPadAir2020,暂未发售,Wifi,256GB,Silver
Cn,2020-09-18,iPadAir2020,暂未发售,Wifi+Celluar,256GB,Silver
Cn,2020-09-18,iPadAir2020,暂未发售,Wifi,64GB,Gold
Cn,2020-09-18,iPadAir2020,暂未发售,Wifi+Celluar,64GB,Gold
Cn,2020-09-18,iPadAir2020,暂未发售,Wifi,256GB,Gold
Cn,2020-09-18,iPadAir2020,暂未发售,Wifi+Celluar,256GB,Gold
Cn,2020-09-18,iPadAir2020,暂未发售,Wifi,64GB,Green
Cn,2020-09-18,iPadAir2020,暂未发售,Wifi+Celluar,64GB,Green
Cn,2020-09-18,iPadAir2020,暂未发售,Wifi,256GB,Green
Cn,2020-09-18,iPadAir2020,暂未发售,Wifi+Celluar,256GB,Green
Cn,2020-09-18,iPadAir2020,暂未发售,Wifi,64GB,Blue
Cn,2020-09-18,iPadAir2020,暂未发售,Wifi+Celluar,64GB,Blue
Cn,2020-09-18,iPadAir2020,暂未发售,Wifi,256GB,Blue
Cn,2020-09-18,iPadAir2020,暂未发售,Wifi+Celluar,256GB,Blue
Jp,2020-09-18,iPadAir2020,現在注文できません,Wifi+Celluar,64GB,Gray
Jp,2020-09-18,iPadAir2020,現在注文できません,Wifi+Celluar,64GB,Gray
Jp,2020-09-18,iPadAir2020,現在注文できません,Wifi,256GB,Gray
Jp,2020-09-18,iPadAir2020,現在注文できません,Wifi+Celluar,256GB,Gray
Jp,2020-09-18,iPadAir2020,現在注文できません,Wifi,64GB,Silver
Jp,2020-09-18,iPadAir2020,現在注文できません,Wifi+Celluar,64GB,Silver
Jp,2020-09-18,iPadAir2020,現在注文できません,Wifi,256GB,Silver
Jp,2020-09-18,iPadAir2020,現在注文できません,Wifi+Celluar,256GB,Silver
Jp,2020-09-18,iPadAir2020,現在注文できません,Wifi,64GB,Gold
Jp,2020-09-18,iPadAir2020,現在注文できません,Wifi+Celluar,64GB,Gold
Jp,2020-09-18,iPadAir2020,現在注文できません,Wifi,256GB,Gold
Jp,2020-09-18,iPadAir2020,現在注文できません,Wifi+Celluar,256GB,Gold
Jp,2020-09-18,iPadAir2020,現在注文できません,Wifi,64GB,Green
Jp,2020-09-18,iPadAir2020,現在注文できません,Wifi+Celluar,64GB,Green
Jp,2020-09-18,iPadAir2020,現在注文できません,Wifi,256GB,Green
Jp,2020-09-18,iPadAir2020,現在注文できません,Wifi+Celluar,256GB,Green
Jp,2020-09-18,iPadAir2020,現在注文できません,Wifi,64GB,Blue
Jp,2020-09-18,iPadAir2020,現在注文できません,Wifi+Celluar,64GB,Blue
Jp,2020-09-18,iPadAir2020,現在注文できません,Wifi,256GB,Blue
Jp,2020-09-18,iPadAir2020,現在注文できません,Wifi+Celluar,256GB,Blue
Hk,2020-09-18,iPadAir2020,Currently unavailable,Wifi+Celluar,64GB,Gray
Hk,2020-09-18,iPadAir2020,Currently unavailable,Wifi+Celluar,64GB,Gray
Hk,2020-09-18,iPadAir2020,Currently unavailable,Wifi,256GB,Gray
Hk,2020-09-18,iPadAir2020,Currently unavailable,Wifi+Celluar,256GB,Gray
Hk,2020-09-18,iPadAir2020,Currently unavailable,Wifi,64GB,Silver
Hk,2020-09-18,iPadAir2020,Currently unavailable,Wifi+Celluar,64GB,Silver
Hk,2020-09-18,iPadAir2020,Currently unavailable,Wifi,256GB,Silver
Hk,2020-09-18,iPadAir2020,Currently unavailable,Wifi+Celluar,256GB,Silver
Hk,2020-09-18,iPadAir2020,Currently unavailable,Wifi,64GB,Gold
Hk,2020-09-18,iPadAir2020,Currently unavailable,Wifi+Celluar,64GB,Gold
Hk,2020-09-18,iPadAir2020,Currently unavailable,Wifi,256GB,Gold
Hk,2020-09-18,iPadAir2020,Currently unavailable,Wifi+Celluar,256GB,Gold
Hk,2020-09-18,iPadAir2020,Currently unavailable,Wifi,64GB,Green
Hk,2020-09-18,iPadAir2020,Currently unavailable,Wifi+Celluar,64GB,Green
Hk,2020-09-18,iPadAir2020,Currently unavailable,Wifi,256GB,Green
Hk,2020-09-18,iPadAir2020,Currently unavailable,Wifi+Celluar,256GB,Green
Hk,2020-09-18,iPadAir2020,Currently unavailable,Wifi,64GB,Blue
Hk,2020-09-18,iPadAir2020,Currently unavailable,Wifi+Celluar,64GB,Blue
Hk,2020-09-18,iPadAir2020,Currently unavailable,Wifi,256GB,Blue
Hk,2020-09-18,iPadAir2020,Currently unavailable,Wifi+Celluar,256GB,Blue
Uk,2020-09-18,iPadAir2020,Currently unavailable,Wifi+Celluar,64GB,Gray
Uk,2020-09-18,iPadAir2020,Currently unavailable,Wifi+Celluar,64GB,Gray
Uk,2020-09-18,iPadAir2020,Currently unavailable,Wifi,256GB,Gray
Uk,2020-09-18,iPadAir2020,Currently unavailable,Wifi+Celluar,256GB,Gray
Uk,2020-09-18,iPadAir2020,Currently unavailable,Wifi,64GB,Silver
Uk,2020-09-18,iPadAir2020,Currently unavailable,Wifi+Celluar,64GB,Silver
Uk,2020-09-18,iPadAir2020,Currently unavailable,Wifi,256GB,Silver
Uk,2020-09-18,iPadAir2020,Currently unavailable,Wifi+Celluar,256GB,Silver
Uk,2020-09-18,iPadAir2020,Currently unavailable,Wifi,64GB,Gold
Uk,2020-09-18,iPadAir2020,Currently unavailable,Wifi+Celluar,64GB,Gold
Uk,2020-09-18,iPadAir2020,Currently unavailable,Wifi,256GB,Gold
Uk,2020-09-18,iPadAir2020,Currently unavailable,Wifi+Celluar,256GB,Gold
Uk,2020-09-18,iPadAir2020,Currently unavailable,Wifi,64GB,Green
Uk,2020-09-18,iPadAir2020,Currently unavailable,Wifi+Celluar,64GB,Green
Uk,2020-09-18,iPadAir2020,Currently unavailable,Wifi,256GB,Green
Uk,2020-09-18,iPadAir2020,Currently unavailable,Wifi+Celluar,256GB,Green
Uk,2020-09-18,iPadAir2020,Currently unavailable,Wifi,64GB,Blue
Uk,2020-09-18,iPadAir2020,Currently unavailable,Wifi+Celluar,64GB,Blue
Uk,2020-09-18,iPadAir2020,Currently unavailable,Wifi,256GB,Blue
Uk,2020-09-18,iPadAir2020,Currently unavailable,Wifi+Celluar,256GB,Blue
De,2020-09-18,iPadAir2020,Derzeit nicht verfügbar,Wifi+Celluar,64GB,Gray
De,2020-09-18,iPadAir2020,Derzeit nicht verfügbar,Wifi+Celluar,64GB,Gray
De,2020-09-18,iPadAir2020,Derzeit nicht verfügbar,Wifi,256GB,Gray
De,2020-09-18,iPadAir2020,Derzeit nicht verfügbar,Wifi+Celluar,256GB,Gray
De,2020-09-18,iPadAir2020,Derzeit nicht verfügbar,Wifi,64GB,Silver
De,2020-09-18,iPadAir2020,Derzeit nicht verfügbar,Wifi+Celluar,64GB,Silver
De,2020-09-18,iPadAir2020,Derzeit nicht verfügbar,Wifi,256GB,Silver
De,2020-09-18,iPadAir2020,Derzeit nicht verfügbar,Wifi+Celluar,256GB,Silver
De,2020-09-18,iPadAir2020,Derzeit nicht verfügbar,Wifi,64GB,Gold
De,2020-09-18,iPadAir2020,Derzeit nicht verfügbar,Wifi+Celluar,64GB,Gold
De,2020-09-18,iPadAir2020,Derzeit nicht verfügbar,Wifi,256GB,Gold
De,2020-09-18,iPadAir2020,Derzeit nicht verfügbar,Wifi+Celluar,256GB,Gold
De,2020-09-18,iPadAir2020,Derzeit nicht verfügbar,Wifi,64GB,Green
De,2020-09-18,iPadAir2020,Derzeit nicht verfügbar,Wifi+Celluar,64GB,Green
De,2020-09-18,iPadAir2020,Derzeit nicht verfügbar,Wifi,256GB,Green
De,2020-09-18,iPadAir2020,Derzeit nicht verfügbar,Wifi+Celluar,256GB,Green
De,2020-09-18,iPadAir2020,Derzeit nicht verfügbar,Wifi,64GB,Blue
De,2020-09-18,iPadAir2020,Derzeit nicht verfügbar,Wifi+Celluar,64GB,Blue
De,2020-09-18,iPadAir2020,Derzeit nicht verfügbar,Wifi,256GB,Blue
De,2020-09-18,iPadAir2020,Derzeit nicht verfügbar,Wifi+Celluar,256GB,Blue
Ru,2020-09-18,iPadAir2020,В настоящее время недоступно,Wifi+Celluar,64GB,Gray
Ru,2020-09-18,iPadAir2020,В настоящее время недоступно,Wifi+Celluar,64GB,Gray
Ru,2020-09-18,iPadAir2020,В настоящее время недоступно,Wifi,256GB,Gray
Ru,2020-09-18,iPadAir2020,В настоящее время недоступно,Wifi+Celluar,256GB,Gray
Ru,2020-09-18,iPadAir2020,В настоящее время недоступно,Wifi,64GB,Silver
Ru,2020-09-18,iPadAir2020,В настоящее время недоступно,Wifi+Celluar,64GB,Silver
Ru,2020-09-18,iPadAir2020,В настоящее время недоступно,Wifi,256GB,Silver
Ru,2020-09-18,iPadAir2020,В настоящее время недоступно,Wifi+Celluar,256GB,Silver
Ru,2020-09-18,iPadAir2020,В настоящее время недоступно,Wifi,64GB,Gold
Ru,2020-09-18,iPadAir2020,В настоящее время недоступно,Wifi+Celluar,64GB,Gold
Ru,2020-09-18,iPadAir2020,В настоящее время недоступно,Wifi,256GB,Gold
Ru,2020-09-18,iPadAir2020,В настоящее время недоступно,Wifi+Celluar,256GB,Gold
Ru,2020-09-18,iPadAir2020,В настоящее время недоступно,Wifi,64GB,Green
Ru,2020-09-18,iPadAir2020,В настоящее время недоступно,Wifi+Celluar,64GB,Green
Ru,2020-09-18,iPadAir2020,В настоящее время недоступно,Wifi,256GB,Green
Ru,2020-09-18,iPadAir2020,В настоящее время недоступно,Wifi+Celluar,256GB,Green
Ru,2020-09-18,iPadAir2020,В настоящее время недоступно,Wifi,64GB,Blue
Ru,2020-09-18,iPadAir2020,В настоящее время недоступно,Wifi+Celluar,64GB,Blue
Ru,2020-09-18,iPadAir2020,В настоящее время недоступно,Wifi,256GB,Blue
Ru,2020-09-18,iPadAir2020,В настоящее время недоступно,Wifi+Celluar,256GB,Blue
Fr,2020-09-18,iPadAir2020,Non disponible actuellement,Wifi+Celluar,64GB,Gray
Fr,2020-09-18,iPadAir2020,Non disponible actuellement,Wifi+Celluar,64GB,Gray
Fr,2020-09-18,iPadAir2020,Non disponible actuellement,Wifi,256GB,Gray
Fr,2020-09-18,iPadAir2020,Non disponible actuellement,Wifi+Celluar,256GB,Gray
Fr,2020-09-18,iPadAir2020,Non disponible actuellement,Wifi,64GB,Silver
Fr,2020-09-18,iPadAir2020,Non disponible actuellement,Wifi+Celluar,64GB,Silver
Fr,2020-09-18,iPadAir2020,Non disponible actuellement,Wifi,256GB,Silver
Fr,2020-09-18,iPadAir2020,Non disponible actuellement,Wifi+Celluar,256GB,Silver
Fr,2020-09-18,iPadAir2020,Non disponible actuellement,Wifi,64GB,Gold
Fr,2020-09-18,iPadAir2020,Non disponible actuellement,Wifi+Celluar,64GB,Gold
Fr,2020-09-18,iPadAir2020,Non disponible actuellement,Wifi,256GB,Gold
Fr,2020-09-18,iPadAir2020,Non disponible actuellement,Wifi+Celluar,256GB,Gold
Fr,2020-09-18,iPadAir2020,Non disponible actuellement,Wifi,64GB,Green
Fr,2020-09-18,iPadAir2020,Non disponible actuellement,Wifi+Celluar,64GB,Green
Fr,2020-09-18,iPadAir2020,Non disponible actuellement,Wifi,256GB,Green
Fr,2020-09-18,iPadAir2020,Non disponible actuellement,Wifi+Celluar,256GB,Green
Fr,2020-09-18,iPadAir2020,Non disponible actuellement,Wifi,64GB,Blue
Fr,2020-09-18,iPadAir2020,Non disponible actuellement,Wifi+Celluar,64GB,Blue
Fr,2020-09-18,iPadAir2020,Non disponible actuellement,Wifi,256GB,Blue
Fr,2020-09-18,iPadAir2020,Non disponible actuellement,Wifi+Celluar,256GB,Blue
Tw,2020-09-18,AppleWatch6,7-8 週,GPS,40mm,
Tw,2020-09-18,AppleWatch6,7-8 週,GPS+Celluar,40mm,
Tw,2020-09-18,AppleWatch6,7-8 週,GPS,44mm,
Tw,2020-09-18,AppleWatch6,7-8 週,GPS+Celluar,44mm,
Cn,2020-09-18,AppleWatch6,7-8 周,GPS,40mm,
Cn,2020-09-18,AppleWatch6,7-8 周,GPS+Celluar,40mm,
Cn,2020-09-18,AppleWatch6,7-8 周,GPS,44mm,
Cn,2020-09-18,AppleWatch6,7-8 周,GPS+Celluar,44mm,
Jp,2020-09-18,AppleWatch6,7〜8週間,GPS,40mm,
Jp,2020-09-18,AppleWatch6,7〜8週間,GPS+Celluar,40mm,
Jp,2020-09-18,AppleWatch6,7〜8週間,GPS,44mm,
Jp,2020-09-18,AppleWatch6,7〜8週間,GPS+Celluar,44mm,
Hk,2020-09-18,AppleWatch6,16/11/2020 - 20/11/2020 – Free,GPS,40mm,
Hk,2020-09-18,AppleWatch6,16/11/2020 - 20/11/2020 – Free,GPS+Celluar,40mm,
Hk,2020-09-18,AppleWatch6,16/11/2020 - 20/11/2020 – Free,GPS,44mm,
Hk,2020-09-18,AppleWatch6,16/11/2020 - 20/11/2020 – Free,GPS+Celluar,44mm,
Uk,2020-09-18,AppleWatch6,17 Nov - 23 Nov – Free,GPS,40mm,
Uk,2020-09-18,AppleWatch6,17 Nov - 23 Nov – Free,GPS+Celluar,40mm,
Uk,2020-09-18,AppleWatch6,17 Nov - 23 Nov – Free,GPS,44mm,
Uk,2020-09-18,AppleWatch6,17 Nov - 23 Nov – Free,GPS+Celluar,44mm,
De,2020-09-18,AppleWatch6,17 Nov - 23 Nov – Kostenlos,GPS,40mm,
De,2020-09-18,AppleWatch6,17 Nov - 23 Nov – Kostenlos,GPS+Celluar,40mm,
De,2020-09-18,AppleWatch6,17 Nov - 23 Nov – Kostenlos,GPS,44mm,
De,2020-09-18,AppleWatch6,17 Nov - 23 Nov – Kostenlos,GPS+Celluar,44mm,
Fr,2020-09-18,AppleWatch6,18 Nov. - 23 Nov. – Gratuite,GPS,40mm,
Fr,2020-09-18,AppleWatch6,18 Nov. - 23 Nov. – Gratuite,GPS+Celluar,40mm,
Fr,2020-09-18,AppleWatch6,18 Nov. - 23 Nov. – Gratuite,GPS,44mm,
Fr,2020-09-18,AppleWatch6,18 Nov. - 23 Nov. – Gratuite,GPS+Celluar,44mm,
Tw,2020-09-18,AppleWatchSE,3-4 週,GPS,40mm,
Tw,2020-09-18,AppleWatchSE,3-4 週,GPS+Celluar,40mm,
Tw,2020-09-18,AppleWatchSE,3-4 週,GPS,44mm,
Tw,2020-09-18,AppleWatchSE,3-4 週,GPS+Celluar,44mm,
Cn,2020-09-18,AppleWatchSE,4-6 个工作日,GPS,40mm,
Cn,2020-09-18,AppleWatchSE,3-4 周,GPS+Celluar,40mm,
Cn,2020-09-18,AppleWatchSE,4-6 个工作日,GPS,44mm,
Cn,2020-09-18,AppleWatchSE,3-4 周,GPS+Celluar,44mm,
Jp,2020-09-18,AppleWatchSE,3〜4週間,GPS,40mm,
Jp,2020-09-18,AppleWatchSE,7〜10営業日,GPS+Celluar,40mm,
Jp,2020-09-18,AppleWatchSE,2〜4営業日,GPS,44mm,
Jp,2020-09-18,AppleWatchSE,2〜4営業日,GPS+Celluar,44mm,
Hk,2020-09-18,AppleWatchSE,05/10/2020 - 09/10/2020 – Free,GPS,40mm,
Hk,2020-09-18,AppleWatchSE,16/10/2020 - 23/10/2020 – Free,GPS+Celluar,40mm,
Hk,2020-09-18,AppleWatchSE,25/09/2020 - 28/09/2020 – Free,GPS,44mm,
Hk,2020-09-18,AppleWatchSE,25/09/2020 - 28/09/2020 – Free,GPS+Celluar,44mm,
Uk,2020-09-18,AppleWatchSE,7 Oct - 9 Oct – Free,GPS,40mm,
Uk,2020-09-18,AppleWatchSE,12 Oct - 15 Oct – Free,GPS+Celluar,40mm,
Uk,2020-09-18,AppleWatchSE,7 Oct - 9 Oct – Free,GPS,44mm,
Uk,2020-09-18,AppleWatchSE,7 Oct - 9 Oct – Free,GPS+Celluar,44mm,
De,2020-09-18,AppleWatchSE,7 Okt - 9 Okt – Kostenlos,GPS,40mm,
De,2020-09-18,AppleWatchSE,7 Okt - 9 Okt – Kostenlos,GPS+Celluar,40mm,
De,2020-09-18,AppleWatchSE,7 Okt - 9 Okt – Kostenlos,GPS,44mm,
De,2020-09-18,AppleWatchSE,7 Okt - 9 Okt – Kostenlos,GPS+Celluar,44mm,
Fr,2020-09-18,AppleWatchSE,7 Oct. - 9 Oct. – Gratuite,GPS,40mm,
Fr,2020-09-18,AppleWatchSE,22 Oct. - 29 Oct. – Gratuite,GPS+Celluar,40mm,
Fr,2020-09-18,AppleWatchSE,7 Oct. - 9 Oct. – Gratuite,GPS,44mm,
Fr,2020-09-18,AppleWatchSE,7 Oct. - 9 Oct. – Gratuite,GPS+Celluar,44mm,