Product,Shopname,Dealprice,Dealnumber,Timestamp
Vivo-Nex3-5G,Vivo官方旗艦店,5698,10000,2020-01-22
Vivo-Nex3,Vivo官方旗艦店,4498,1850,2020-01-22
華為-Mate30,華為官方旗艦店,4299,89000,2020-01-22
華為-Mate30Pro,華為官方旗艦店,5799,80000,2020-01-22
三星-Note10,三星官方旗艦店,6299,1502,2020-01-22
三星-Note10-5G,三星官方旗艦店,7999,15000,2020-01-22
Vivo-Nex3-5G,蘇寧易購官方旗艦店,4998,1706,2020-01-22
Vivo-Nex3,蘇寧易購官方旗艦店,4498,498,2020-01-22
華為-Mate30,蘇寧易購官方旗艦店,4299,12000,2020-01-22
三星-Note10,蘇寧易購官方旗艦店,6599,288,2020-01-22
三星-Note10-5G,蘇寧易購官方旗艦店,7999,1545,2020-01-22
華為-Mate30,三際數碼官方旗艦店,3999,2084,2020-01-22
華為-Mate30Pro,三際數碼官方旗艦店,7899,1953,2020-01-22
三星-Note10,三際數碼官方旗艦店,6599,25,2020-01-22
三星-Note10-5G,三際數碼官方旗艦店,7999,561,2020-01-22
Vivo-Nex3-5G,Vivo官方旗艦店,5698,10000,2020-01-21
Vivo-Nex3,Vivo官方旗艦店,4498,1849,2020-01-21
華為-Mate30,華為官方旗艦店,4299,89000,2020-01-21
華為-Mate30Pro,華為官方旗艦店,6299,80000,2020-01-21
三星-Note10,三星官方旗艦店,6299,1495,2020-01-21
三星-Note10-5G,三星官方旗艦店,7999,15000,2020-01-21
Vivo-Nex3-5G,蘇寧易購官方旗艦店,4998,1684,2020-01-21
Vivo-Nex3,蘇寧易購官方旗艦店,4498,493,2020-01-21
華為-Mate30,蘇寧易購官方旗艦店,4299,12000,2020-01-21
三星-Note10,蘇寧易購官方旗艦店,6599,285,2020-01-21
三星-Note10-5G,蘇寧易購官方旗艦店,7999,1520,2020-01-21
華為-Mate30,三際數碼官方旗艦店,3999,2075,2020-01-21
華為-Mate30Pro,三際數碼官方旗艦店,7899,1951,2020-01-21
三星-Note10,三際數碼官方旗艦店,6599,24,2020-01-21
三星-Note10-5G,三際數碼官方旗艦店,7999,562,2020-01-21
Vivo-Nex3-5G,Vivo官方旗艦店,5698,10000,2020-01-20
Vivo-Nex3,Vivo官方旗艦店,4498,1849,2020-01-20
華為-Mate30,華為官方旗艦店,4299,89000,2020-01-20
華為-Mate30Pro,華為官方旗艦店,6299,80000,2020-01-20
三星-Note10,三星官方旗艦店,6299,1492,2020-01-20
三星-Note10-5G,三星官方旗艦店,7999,15000,2020-01-20
Vivo-Nex3-5G,蘇寧易購官方旗艦店,4998,1669,2020-01-20
Vivo-Nex3,蘇寧易購官方旗艦店,4498,489,2020-01-20
華為-Mate30,蘇寧易購官方旗艦店,4299,12000,2020-01-20
三星-Note10,蘇寧易購官方旗艦店,6599,283,2020-01-20
三星-Note10-5G,蘇寧易購官方旗艦店,7999,1502,2020-01-20
華為-Mate30,三際數碼官方旗艦店,3999,2066,2020-01-20
華為-Mate30Pro,三際數碼官方旗艦店,7899,1944,2020-01-20
三星-Note10,三際數碼官方旗艦店,6599,24,2020-01-20
三星-Note10-5G,三際數碼官方旗艦店,7999,553,2020-01-20
Vivo-Nex3-5G,Vivo官方旗艦店,5698,10000,2020-01-19
Vivo-Nex3,Vivo官方旗艦店,4498,1842,2020-01-19
華為-Mate30,華為官方旗艦店,0,0,2020-01-19
華為-Mate30Pro,華為官方旗艦店,0,0,2020-01-19
三星-Note10,三星官方旗艦店,6299,1487,2020-01-19
三星-Note10-5G,三星官方旗艦店,7999,15000,2020-01-19
Vivo-Nex3-5G,蘇寧易購官方旗艦店,4998,1649,2020-01-19
Vivo-Nex3,蘇寧易購官方旗艦店,4498,485,2020-01-19
華為-Mate30,蘇寧易購官方旗艦店,4299,12000,2020-01-19
三星-Note10,蘇寧易購官方旗艦店,6599,282,2020-01-19
三星-Note10-5G,蘇寧易購官方旗艦店,7999,1479,2020-01-19
華為-Mate30,三際數碼官方旗艦店,3999,2035,2020-01-19
華為-Mate30Pro,三際數碼官方旗艦店,6899,1906,2020-01-19
三星-Note10,三際數碼官方旗艦店,6599,24,2020-01-19
三星-Note10-5G,三際數碼官方旗艦店,7999,547,2020-01-19
Vivo-Nex3-5G,Vivo官方旗艦店,5698,10000,2020-01-18
Vivo-Nex3,Vivo官方旗艦店,4498,1839,2020-01-18
華為-Mate30,華為官方旗艦店,4299,88000,2020-01-18
華為-Mate30Pro,華為官方旗艦店,6299,80000,2020-01-18
三星-Note10,三星官方旗艦店,6299,1481,2020-01-18
三星-Note10-5G,三星官方旗艦店,7999,15000,2020-01-18
Vivo-Nex3-5G,蘇寧易購官方旗艦店,4998,1633,2020-01-18
Vivo-Nex3,蘇寧易購官方旗艦店,4498,483,2020-01-18
華為-Mate30,蘇寧易購官方旗艦店,4299,12000,2020-01-18
三星-Note10,蘇寧易購官方旗艦店,6599,280,2020-01-18
三星-Note10-5G,蘇寧易購官方旗艦店,7999,1459,2020-01-18
華為-Mate30,三際數碼官方旗艦店,3999,2014,2020-01-18
華為-Mate30Pro,三際數碼官方旗艦店,6899,1884,2020-01-18
三星-Note10,三際數碼官方旗艦店,6599,25,2020-01-18
三星-Note10-5G,三際數碼官方旗艦店,7999,535,2020-01-18
Vivo-Nex3-5G,Vivo官方旗艦店,5698,10000,2020-01-17
Vivo-Nex3,Vivo官方旗艦店,4498,1832,2020-01-17
華為-Mate30,華為官方旗艦店,4299,88000,2020-01-17
華為-Mate30Pro,華為官方旗艦店,6299,80000,2020-01-17
三星-Note10,三星官方旗艦店,6299,1471,2020-01-17
三星-Note10-5G,三星官方旗艦店,7999,15000,2020-01-17
Vivo-Nex3-5G,蘇寧易購官方旗艦店,4998,1616,2020-01-17
Vivo-Nex3,蘇寧易購官方旗艦店,4498,481,2020-01-17
華為-Mate30,蘇寧易購官方旗艦店,4299,12000,2020-01-17
三星-Note10,蘇寧易購官方旗艦店,6599,280,2020-01-17
三星-Note10-5G,蘇寧易購官方旗艦店,7999,1424,2020-01-17
華為-Mate30,三際數碼官方旗艦店,3999,1984,2020-01-17
華為-Mate30Pro,三際數碼官方旗艦店,6899,1856,2020-01-17
三星-Note10,三際數碼官方旗艦店,6599,25,2020-01-17
三星-Note10-5G,三際數碼官方旗艦店,7999,531,2020-01-17
Vivo-Nex3-5G,Vivo官方旗艦店,5698,10000,2020-01-16
Vivo-Nex3,Vivo官方旗艦店,4498,1829,2020-01-16
華為-Mate30,華為官方旗艦店,4299,87000,2020-01-16
華為-Mate30Pro,華為官方旗艦店,5799,79000,2020-01-16
三星-Note10,三星官方旗艦店,6299,1468,2020-01-16
三星-Note10-5G,三星官方旗艦店,7999,15000,2020-01-16
Vivo-Nex3-5G,蘇寧易購官方旗艦店,4998,1604,2020-01-16
Vivo-Nex3,蘇寧易購官方旗艦店,4498,476,2020-01-16
華為-Mate30,蘇寧易購官方旗艦店,3999,12000,2020-01-16
三星-Note10,蘇寧易購官方旗艦店,6599,280,2020-01-16
三星-Note10-5G,蘇寧易購官方旗艦店,7999,1372,2020-01-16
華為-Mate30,三際數碼官方旗艦店,3999,1962,2020-01-16
華為-Mate30Pro,三際數碼官方旗艦店,6998,1826,2020-01-16
三星-Note10,三際數碼官方旗艦店,6599,24,2020-01-16
三星-Note10-5G,三際數碼官方旗艦店,7999,519,2020-01-16
Vivo-Nex3-5G,Vivo官方旗艦店,5698,10000,2020-01-15
Vivo-Nex3,Vivo官方旗艦店,4498,1826,2020-01-15
華為-Mate30,華為官方旗艦店,4299,87000,2020-01-15
華為-Mate30Pro,華為官方旗艦店,5799,79000,2020-01-15
三星-Note10,三星官方旗艦店,6299,1452,2020-01-15
三星-Note10-5G,三星官方旗艦店,0,0,2020-01-15
Vivo-Nex3-5G,蘇寧易購官方旗艦店,4998,1596,2020-01-15
Vivo-Nex3,蘇寧易購官方旗艦店,4498,470,2020-01-15
華為-Mate30,蘇寧易購官方旗艦店,3999,12000,2020-01-15
三星-Note10,蘇寧易購官方旗艦店,6599,280,2020-01-15
三星-Note10-5G,蘇寧易購官方旗艦店,7999,1327,2020-01-15
華為-Mate30,三際數碼官方旗艦店,3999,1949,2020-01-15
華為-Mate30Pro,三際數碼官方旗艦店,6899,1802,2020-01-15
三星-Note10,三際數碼官方旗艦店,6599,24,2020-01-15
三星-Note10-5G,三際數碼官方旗艦店,7999,506,2020-01-15
Vivo-Nex3-5G,Vivo官方旗艦店,5698,10000,2020-01-14
Vivo-Nex3,Vivo官方旗艦店,4498,1823,2020-01-14
華為-Mate30,華為官方旗艦店,4299,86000,2020-01-14
華為-Mate30Pro,華為官方旗艦店,5799,79000,2020-01-14
三星-Note10,三星官方旗艦店,6299,1448,2020-01-14
三星-Note10-5G,三星官方旗艦店,7999,15000,2020-01-14
Vivo-Nex3-5G,蘇寧易購官方旗艦店,4998,1587,2020-01-14
Vivo-Nex3,蘇寧易購官方旗艦店,4498,468,2020-01-14
華為-Mate30,蘇寧易購官方旗艦店,4299,11000,2020-01-14
三星-Note10,蘇寧易購官方旗艦店,6599,277,2020-01-14
三星-Note10-5G,蘇寧易購官方旗艦店,7999,1316,2020-01-14
華為-Mate30,三際數碼官方旗艦店,4498,1941,2020-01-14
華為-Mate30Pro,三際數碼官方旗艦店,6899,1787,2020-01-14
三星-Note10,三際數碼官方旗艦店,6599,25,2020-01-14
三星-Note10-5G,三際數碼官方旗艦店,7999,483,2020-01-14
Vivo-Nex3-5G,Vivo官方旗艦店,5698,10000,2020-01-13
Vivo-Nex3,Vivo官方旗艦店,4498,1817,2020-01-13
華為-Mate30,華為官方旗艦店,4299,86000,2020-01-13
華為-Mate30Pro,華為官方旗艦店,6299,79000,2020-01-13
三星-Note10,三星官方旗艦店,6299,1442,2020-01-13
三星-Note10-5G,三星官方旗艦店,7999,15000,2020-01-13
Vivo-Nex3-5G,蘇寧易購官方旗艦店,4998,1572,2020-01-13
Vivo-Nex3,蘇寧易購官方旗艦店,4498,461,2020-01-13
華為-Mate30,蘇寧易購官方旗艦店,4299,11000,2020-01-13
三星-Note10,蘇寧易購官方旗艦店,6599,275,2020-01-13
三星-Note10-5G,蘇寧易購官方旗艦店,7999,1309,2020-01-13
華為-Mate30,三際數碼官方旗艦店,4498,1938,2020-01-13
華為-Mate30Pro,三際數碼官方旗艦店,6899,1778,2020-01-13
三星-Note10,三際數碼官方旗艦店,6599,24,2020-01-13
三星-Note10-5G,三際數碼官方旗艦店,7999,466,2020-01-13
Vivo-Nex3-5G,Vivo官方旗艦店,5698,10000,2020-01-12
Vivo-Nex3,Vivo官方旗艦店,4498,1809,2020-01-12
華為-Mate30,華為官方旗艦店,4299,85000,2020-01-12
華為-Mate30Pro,華為官方旗艦店,5799,79000,2020-01-12
三星-Note10,三星官方旗艦店,6299,1431,2020-01-12
三星-Note10-5G,三星官方旗艦店,7999,15000,2020-01-12
Vivo-Nex3-5G,蘇寧易購官方旗艦店,4998,1546,2020-01-12
Vivo-Nex3,蘇寧易購官方旗艦店,4498,448,2020-01-12
華為-Mate30,蘇寧易購官方旗艦店,3999,11000,2020-01-12
三星-Note10,蘇寧易購官方旗艦店,6599,272,2020-01-12
三星-Note10-5G,蘇寧易購官方旗艦店,7999,1305,2020-01-12
華為-Mate30,三際數碼官方旗艦店,4498,1927,2020-01-12
華為-Mate30Pro,三際數碼官方旗艦店,6899,1759,2020-01-12
三星-Note10,三際數碼官方旗艦店,6599,24,2020-01-12
三星-Note10-5G,三際數碼官方旗艦店,7999,455,2020-01-12
Vivo-Nex3-5G,Vivo官方旗艦店,5698,10000,2020-01-11
Vivo-Nex3,Vivo官方旗艦店,4498,1809,2020-01-11
華為-Mate30,華為官方旗艦店,4299,85000,2020-01-11
華為-Mate30Pro,華為官方旗艦店,5799,79000,2020-01-11
三星-Note10,三星官方旗艦店,6299,1431,2020-01-11
三星-Note10-5G,三星官方旗艦店,7999,15000,2020-01-11
Vivo-Nex3-5G,蘇寧易購官方旗艦店,4998,1547,2020-01-11
Vivo-Nex3,蘇寧易購官方旗艦店,4498,448,2020-01-11
華為-Mate30,蘇寧易購官方旗艦店,4299,11000,2020-01-11
三星-Note10,蘇寧易購官方旗艦店,6599,272,2020-01-11
三星-Note10-5G,蘇寧易購官方旗艦店,7999,1305,2020-01-11
華為-Mate30,三際數碼官方旗艦店,4498,1927,2020-01-11
華為-Mate30Pro,三際數碼官方旗艦店,6899,1759,2020-01-11
三星-Note10,三際數碼官方旗艦店,6599,22,2020-01-11
三星-Note10-5G,三際數碼官方旗艦店,7999,455,2020-01-11
Vivo-Nex3-5G,Vivo官方旗艦店,5698,10000,2020-01-10
Vivo-Nex3,Vivo官方旗艦店,4498,1802,2020-01-10
華為-Mate30,華為官方旗艦店,4299,84000,2020-01-10
華為-Mate30Pro,華為官方旗艦店,5799,78000,2020-01-10
三星-Note10,三星官方旗艦店,6299,1407,2020-01-10
三星-Note10-5G,三星官方旗艦店,7999,15000,2020-01-10
Vivo-Nex3-5G,蘇寧易購官方旗艦店,4998,1528,2020-01-10
Vivo-Nex3,蘇寧易購官方旗艦店,4498,437,2020-01-10
華為-Mate30,蘇寧易購官方旗艦店,3999,11000,2020-01-10
三星-Note10,蘇寧易購官方旗艦店,6599,267,2020-01-10
三星-Note10-5G,蘇寧易購官方旗艦店,7999,1270,2020-01-10
華為-Mate30,三際數碼官方旗艦店,4498,1884,2020-01-10
華為-Mate30Pro,三際數碼官方旗艦店,6899,1730,2020-01-10
三星-Note10,三際數碼官方旗艦店,6599,22,2020-01-10
三星-Note10-5G,三際數碼官方旗艦店,7999,443,2020-01-10
Vivo-Nex3-5G,Vivo官方旗艦店,5698,10000,2020-01-09
Vivo-Nex3,Vivo官方旗艦店,4498,1792,2020-01-09
華為-Mate30,華為官方旗艦店,4299,83000,2020-01-09
華為-Mate30Pro,華為官方旗艦店,5799,78000,2020-01-09
三星-Note10,三星官方旗艦店,6399,1392,2020-01-09
三星-Note10-5G,三星官方旗艦店,7999,15000,2020-01-09
Vivo-Nex3-5G,蘇寧易購官方旗艦店,4998,1520,2020-01-09
Vivo-Nex3,蘇寧易購官方旗艦店,4498,429,2020-01-09
華為-Mate30,蘇寧易購官方旗艦店,4299,11000,2020-01-09
三星-Note10,蘇寧易購官方旗艦店,6599,267,2020-01-09
三星-Note10-5G,蘇寧易購官方旗艦店,7999,1226,2020-01-09
華為-Mate30,三際數碼官方旗艦店,4498,1859,2020-01-09
華為-Mate30Pro,三際數碼官方旗艦店,6899,1720,2020-01-09
三星-Note10,三際數碼官方旗艦店,6599,22,2020-01-09
三星-Note10-5G,三際數碼官方旗艦店,7999,434,2020-01-09
Vivo-Nex3-5G,Vivo官方旗艦店,5698,10000,2020-01-08
Vivo-Nex3,Vivo官方旗艦店,4498,1789,2020-01-08
華為-Mate30,華為官方旗艦店,4299,82000,2020-01-08
華為-Mate30Pro,華為官方旗艦店,6299,78000,2020-01-08
三星-Note10,三星官方旗艦店,6399,1376,2020-01-08
三星-Note10-5G,三星官方旗艦店,7999,15000,2020-01-08
Vivo-Nex3-5G,蘇寧易購官方旗艦店,4998,1513,2020-01-08
Vivo-Nex3,蘇寧易購官方旗艦店,4498,422,2020-01-08
華為-Mate30,蘇寧易購官方旗艦店,4299,11000,2020-01-08
三星-Note10,蘇寧易購官方旗艦店,6599,261,2020-01-08
三星-Note10-5G,蘇寧易購官方旗艦店,7999,1186,2020-01-08
華為-Mate30,三際數碼官方旗艦店,4498,1843,2020-01-08
華為-Mate30Pro,三際數碼官方旗艦店,6899,1697,2020-01-08
三星-Note10,三際數碼官方旗艦店,6599,22,2020-01-08
三星-Note10-5G,三際數碼官方旗艦店,7999,429,2020-01-08
Vivo-Nex3-5G,Vivo官方旗艦店,5698,10000,2020-01-07
Vivo-Nex3,Vivo官方旗艦店,4498,1764,2020-01-07
華為-Mate30,華為官方旗艦店,4299,82000,2020-01-07
華為-Mate30Pro,華為官方旗艦店,5799,78000,2020-01-07
三星-Note10,三星官方旗艦店,6399,1330,2020-01-07
三星-Note10-5G,三星官方旗艦店,7999,15000,2020-01-07
Vivo-Nex3-5G,蘇寧易購官方旗艦店,4998,1499,2020-01-07
Vivo-Nex3,蘇寧易購官方旗艦店,4498,412,2020-01-07
華為-Mate30,蘇寧易購官方旗艦店,4299,11000,2020-01-07
三星-Note10,蘇寧易購官方旗艦店,6599,255,2020-01-07
三星-Note10-5G,蘇寧易購官方旗艦店,7999,1137,2020-01-07
華為-Mate30,三際數碼官方旗艦店,4498,1797,2020-01-07
華為-Mate30Pro,三際數碼官方旗艦店,6899,1640,2020-01-07
三星-Note10,三際數碼官方旗艦店,6599,22,2020-01-07
三星-Note10-5G,三際數碼官方旗艦店,7999,403,2020-01-07
Vivo-Nex3-5G,Vivo官方旗艦店,5698,10000,2020-01-06
Vivo-Nex3,Vivo官方旗艦店,4498,1764,2020-01-06
華為-Mate30,華為官方旗艦店,0,0,2020-01-06
華為-Mate30Pro,華為官方旗艦店,5799,77000,2020-01-06
三星-Note10,三星官方旗艦店,6399,1330,2020-01-06
三星-Note10-5G,三星官方旗艦店,7999,15000,2020-01-06
Vivo-Nex3-5G,蘇寧易購官方旗艦店,4998,1480,2020-01-06
Vivo-Nex3,蘇寧易購官方旗艦店,4498,412,2020-01-06
華為-Mate30,蘇寧易購官方旗艦店,4299,11000,2020-01-06
三星-Note10,蘇寧易購官方旗艦店,6599,255,2020-01-06
三星-Note10-5G,蘇寧易購官方旗艦店,7999,1137,2020-01-06
華為-Mate30,三際數碼官方旗艦店,4498,1780,2020-01-06
華為-Mate30Pro,三際數碼官方旗艦店,6899,1640,2020-01-06
三星-Note10,三際數碼官方旗艦店,6599,22,2020-01-06
三星-Note10-5G,三際數碼官方旗艦店,7999,403,2020-01-06
Vivo-Nex3-5G,Vivo官方旗艦店,5698,10000,2020-01-05
Vivo-Nex3,Vivo官方旗艦店,4498,1764,2020-01-05
華為-Mate30,華為官方旗艦店,4299,80000,2020-01-05
華為-Mate30Pro,華為官方旗艦店,5799,77000,2020-01-05
三星-Note10,三星官方旗艦店,6599,1330,2020-01-05
三星-Note10-5G,三星官方旗艦店,7999,15000,2020-01-05
Vivo-Nex3-5G,蘇寧易購官方旗艦店,4998,1479,2020-01-05
Vivo-Nex3,蘇寧易購官方旗艦店,4498,413,2020-01-05
華為-Mate30,蘇寧易購官方旗艦店,4299,11000,2020-01-05
三星-Note10,蘇寧易購官方旗艦店,6599,256,2020-01-05
三星-Note10-5G,蘇寧易購官方旗艦店,7999,1137,2020-01-05
華為-Mate30,三際數碼官方旗艦店,4299,1766,2020-01-05
華為-Mate30Pro,三際數碼官方旗艦店,6899,1634,2020-01-05
三星-Note10,三際數碼官方旗艦店,6599,21,2020-01-05
三星-Note10-5G,三際數碼官方旗艦店,7999,401,2020-01-05
Vivo-Nex3-5G,Vivo官方旗艦店,5698,10000,2020-01-04
Vivo-Nex3,Vivo官方旗艦店,4498,1760,2020-01-04
華為-Mate30,華為官方旗艦店,4299,80000,2020-01-04
華為-Mate30Pro,華為官方旗艦店,5799,77000,2020-01-04
三星-Note10,三星官方旗艦店,6599,1327,2020-01-04
三星-Note10-5G,三星官方旗艦店,7999,15000,2020-01-04
Vivo-Nex3-5G,蘇寧易購官方旗艦店,4998,1470,2020-01-04
Vivo-Nex3,蘇寧易購官方旗艦店,4498,413,2020-01-04
華為-Mate30,蘇寧易購官方旗艦店,3999,11000,2020-01-04
三星-Note10,蘇寧易購官方旗艦店,6599,257,2020-01-04
三星-Note10-5G,蘇寧易購官方旗艦店,7999,1133,2020-01-04
華為-Mate30,三際數碼官方旗艦店,4498,1756,2020-01-04
華為-Mate30Pro,三際數碼官方旗艦店,6899,1628,2020-01-04
三星-Note10,三際數碼官方旗艦店,6599,21,2020-01-04
三星-Note10-5G,三際數碼官方旗艦店,7999,399,2020-01-04
Vivo-Nex3-5G,Vivo官方旗艦店,5698,10000,2020-01-03
Vivo-Nex3,Vivo官方旗艦店,4498,1752,2020-01-03
華為-Mate30,華為官方旗艦店,4299,80000,2020-01-03
華為-Mate30Pro,華為官方旗艦店,6299,77000,2020-01-03
三星-Note10,三星官方旗艦店,6599,1319,2020-01-03
三星-Note10-5G,三星官方旗艦店,7999,15000,2020-01-03
Vivo-Nex3-5G,蘇寧易購官方旗艦店,4998,1468,2020-01-03
Vivo-Nex3,蘇寧易購官方旗艦店,4498,408,2020-01-03
華為-Mate30,蘇寧易購官方旗艦店,3999,11000,2020-01-03
三星-Note10,蘇寧易購官方旗艦店,6599,256,2020-01-03
三星-Note10-5G,蘇寧易購官方旗艦店,7999,1133,2020-01-03
華為-Mate30,三際數碼官方旗艦店,4498,1749,2020-01-03
華為-Mate30Pro,三際數碼官方旗艦店,6899,1619,2020-01-03
三星-Note10,三際數碼官方旗艦店,6599,21,2020-01-03
三星-Note10-5G,三際數碼官方旗艦店,7999,398,2020-01-03
Vivo-Nex3-5G,Vivo官方旗艦店,5698,10000,2020-01-02
Vivo-Nex3,Vivo官方旗艦店,4498,1748,2020-01-02
華為-Mate30,華為官方旗艦店,4299,79000,2020-01-02
華為-Mate30Pro,華為官方旗艦店,5799,77000,2020-01-02
三星-Note10,三星官方旗艦店,6599,1303,2020-01-02
三星-Note10-5G,三星官方旗艦店,7999,15000,2020-01-02
Vivo-Nex3-5G,蘇寧易購官方旗艦店,4998,1457,2020-01-02
Vivo-Nex3,蘇寧易購官方旗艦店,4498,406,2020-01-02
華為-Mate30,蘇寧易購官方旗艦店,4299,11000,2020-01-02
三星-Note10,蘇寧易購官方旗艦店,6599,254,2020-01-02
三星-Note10-5G,蘇寧易購官方旗艦店,7999,1132,2020-01-02
華為-Mate30,三際數碼官方旗艦店,4498,1737,2020-01-02
華為-Mate30Pro,三際數碼官方旗艦店,6899,1611,2020-01-02
三星-Note10,三際數碼官方旗艦店,6599,21,2020-01-02
三星-Note10-5G,三際數碼官方旗艦店,7999,391,2020-01-02
Vivo-Nex3-5G,Vivo官方旗艦店,5698,10000,2020-01-01
Vivo-Nex3,Vivo官方旗艦店,4498,1735,2020-01-01
華為-Mate30,華為官方旗艦店,4299,77000,2020-01-01
華為-Mate30Pro,華為官方旗艦店,5799,76000,2020-01-01
三星-Note10,三星官方旗艦店,6599,1271,2020-01-01
三星-Note10-5G,三星官方旗艦店,7999,14000,2020-01-01
Vivo-Nex3-5G,蘇寧易購官方旗艦店,4998,1445,2020-01-01
Vivo-Nex3,蘇寧易購官方旗艦店,4498,402,2020-01-01
華為-Mate30,蘇寧易購官方旗艦店,4299,11000,2020-01-01
三星-Note10,蘇寧易購官方旗艦店,6599,248,2020-01-01
三星-Note10-5G,蘇寧易購官方旗艦店,7999,1091,2020-01-01
華為-Mate30,三際數碼官方旗艦店,4498,1729,2020-01-01
華為-Mate30Pro,三際數碼官方旗艦店,6899,1604,2020-01-01
三星-Note10,三際數碼官方旗艦店,6599,20,2020-01-01
三星-Note10-5G,三際數碼官方旗艦店,7999,387,2020-01-01
Vivo-Nex3-5G,Vivo官方旗艦店,5698,10000,2019-12-31
Vivo-Nex3,Vivo官方旗艦店,4498,1732,2019-12-31
華為-Mate30,華為官方旗艦店,4299,77000,2019-12-31
華為-Mate30Pro,華為官方旗艦店,5799,76000,2019-12-31
三星-Note10,三星官方旗艦店,6599,1266,2019-12-31
三星-Note10-5G,三星官方旗艦店,7999,14000,2019-12-31
Vivo-Nex3-5G,蘇寧易購官方旗艦店,4998,1438,2019-12-31
Vivo-Nex3,蘇寧易購官方旗艦店,4498,398,2019-12-31
華為-Mate30,蘇寧易購官方旗艦店,3999,10000,2019-12-31
三星-Note10,蘇寧易購官方旗艦店,6599,248,2019-12-31
三星-Note10-5G,蘇寧易購官方旗艦店,7999,1091,2019-12-31
華為-Mate30,三際數碼官方旗艦店,4498,1714,2019-12-31
華為-Mate30Pro,三際數碼官方旗艦店,6899,1601,2019-12-31
三星-Note10,三際數碼官方旗艦店,6599,20,2019-12-31
三星-Note10-5G,三際數碼官方旗艦店,7999,380,2019-12-31
Vivo-Nex3-5G,Vivo官方旗艦店,5698,10000,2019-12-30
Vivo-Nex3,Vivo官方旗艦店,4498,1729,2019-12-30
華為-Mate30,華為官方旗艦店,4299,77000,2019-12-30
華為-Mate30Pro,華為官方旗艦店,5799,76000,2019-12-30
三星-Note10,三星官方旗艦店,6599,1260,2019-12-30
三星-Note10-5G,三星官方旗艦店,7999,14000,2019-12-30
Vivo-Nex3-5G,蘇寧易購官方旗艦店,4998,1431,2019-12-30
Vivo-Nex3,蘇寧易購官方旗艦店,4498,396,2019-12-30
華為-Mate30,蘇寧易購官方旗艦店,3999,10000,2019-12-30
三星-Note10,蘇寧易購官方旗艦店,6599,248,2019-12-30
三星-Note10-5G,蘇寧易購官方旗艦店,7999,1088,2019-12-30
華為-Mate30,三際數碼官方旗艦店,4498,1712,2019-12-30
華為-Mate30Pro,三際數碼官方旗艦店,6899,1596,2019-12-30
三星-Note10,三際數碼官方旗艦店,6599,20,2019-12-30
三星-Note10-5G,三際數碼官方旗艦店,7999,377,2019-12-30
Vivo-Nex3-5G,Vivo官方旗艦店,5698,10000,2019-12-29
Vivo-Nex3,Vivo官方旗艦店,4498,1723,2019-12-29
華為-Mate30,華為官方旗艦店,4299,76000,2019-12-29
華為-Mate30Pro,華為官方旗艦店,5799,76000,2019-12-29
三星-Note10,三星官方旗艦店,6599,1258,2019-12-29
三星-Note10-5G,三星官方旗艦店,7999,14000,2019-12-29
Vivo-Nex3-5G,蘇寧易購官方旗艦店,4998,1426,2019-12-29
Vivo-Nex3,蘇寧易購官方旗艦店,4498,393,2019-12-29
華為-Mate30,蘇寧易購官方旗艦店,3999,10000,2019-12-29
三星-Note10,蘇寧易購官方旗艦店,6599,248,2019-12-29
三星-Note10-5G,蘇寧易購官方旗艦店,7999,1087,2019-12-29
華為-Mate30,三際數碼官方旗艦店,4498,1703,2019-12-29
華為-Mate30Pro,三際數碼官方旗艦店,6899,1593,2019-12-29
三星-Note10,三際數碼官方旗艦店,6599,20,2019-12-29
三星-Note10-5G,三際數碼官方旗艦店,7999,374,2019-12-29
Vivo-Nex3-5G,Vivo官方旗艦店,5698,10000,2019-12-28
Vivo-Nex3,Vivo官方旗艦店,4498,1720,2019-12-28
華為-Mate30,華為官方旗艦店,4299,76000,2019-12-28
華為-Mate30Pro,華為官方旗艦店,5799,75000,2019-12-28
三星-Note10,三星官方旗艦店,6599,1254,2019-12-28
三星-Note10-5G,三星官方旗艦店,7999,14000,2019-12-28
Vivo-Nex3-5G,蘇寧易購官方旗艦店,4998,1420,2019-12-28
Vivo-Nex3,蘇寧易購官方旗艦店,4498,394,2019-12-28
華為-Mate30,蘇寧易購官方旗艦店,4299,10000,2019-12-28
三星-Note10,蘇寧易購官方旗艦店,6599,247,2019-12-28
三星-Note10-5G,蘇寧易購官方旗艦店,7999,1085,2019-12-28
華為-Mate30,三際數碼官方旗艦店,4498,1696,2019-12-28
華為-Mate30Pro,三際數碼官方旗艦店,6899,1589,2019-12-28
三星-Note10,三際數碼官方旗艦店,6599,20,2019-12-28
三星-Note10-5G,三際數碼官方旗艦店,7999,371,2019-12-28
Vivo-Nex3-5G,Vivo官方旗艦店,5698,10000,2019-12-27
Vivo-Nex3,Vivo官方旗艦店,4498,1703,2019-12-27
華為-Mate30,華為官方旗艦店,4299,76000,2019-12-27
華為-Mate30Pro,華為官方旗艦店,5799,75000,2019-12-27
三星-Note10,三星官方旗艦店,6599,1247,2019-12-27
三星-Note10-5G,三星官方旗艦店,7999,14000,2019-12-27
Vivo-Nex3-5G,蘇寧易購官方旗艦店,4998,1400,2019-12-27
Vivo-Nex3,蘇寧易購官方旗艦店,4498,391,2019-12-27
華為-Mate30,蘇寧易購官方旗艦店,4299,10000,2019-12-27
三星-Note10,蘇寧易購官方旗艦店,6599,239,2019-12-27
三星-Note10-5G,蘇寧易購官方旗艦店,7999,1085,2019-12-27
華為-Mate30,三際數碼官方旗艦店,4498,1690,2019-12-27
華為-Mate30Pro,三際數碼官方旗艦店,6899,1583,2019-12-27
三星-Note10,三際數碼官方旗艦店,6599,20,2019-12-27
三星-Note10-5G,三際數碼官方旗艦店,7999,351,2019-12-27
Vivo-Nex3-5G,Vivo官方旗艦店,5698,10000,2019-12-26
Vivo-Nex3,Vivo官方旗艦店,4498,1690,2019-12-26
華為-Mate30,華為官方旗艦店,4299,75000,2019-12-26
華為-Mate30Pro,華為官方旗艦店,5799,75000,2019-12-26
三星-Note10,三星官方旗艦店,6599,1242,2019-12-26
三星-Note10-5G,三星官方旗艦店,7999,14000,2019-12-26
Vivo-Nex3-5G,蘇寧易購官方旗艦店,4998,1394,2019-12-26
Vivo-Nex3,蘇寧易購官方旗艦店,4498,390,2019-12-26
華為-Mate30,蘇寧易購官方旗艦店,4299,10000,2019-12-26
三星-Note10,蘇寧易購官方旗艦店,6599,235,2019-12-26
三星-Note10-5G,蘇寧易購官方旗艦店,7999,1078,2019-12-26
華為-Mate30,三際數碼官方旗艦店,4498,1684,2019-12-26
華為-Mate30Pro,三際數碼官方旗艦店,6899,1579,2019-12-26
三星-Note10,三際數碼官方旗艦店,6599,20,2019-12-26
三星-Note10-5G,三際數碼官方旗艦店,7999,332,2019-12-26
Vivo-Nex3-5G,Vivo官方旗艦店,5698,10000,2019-12-25
Vivo-Nex3,Vivo官方旗艦店,4498,1687,2019-12-25
華為-Mate30,華為官方旗艦店,4299,75000,2019-12-25
華為-Mate30Pro,華為官方旗艦店,5799,75000,2019-12-25
三星-Note10,三星官方旗艦店,6599,1238,2019-12-25
三星-Note10-5G,三星官方旗艦店,7999,14000,2019-12-25
Vivo-Nex3-5G,蘇寧易購官方旗艦店,4998,1390,2019-12-25
Vivo-Nex3,蘇寧易購官方旗艦店,4498,390,2019-12-25
華為-Mate30,蘇寧易購官方旗艦店,4299,10000,2019-12-25
三星-Note10,蘇寧易購官方旗艦店,6599,233,2019-12-25
三星-Note10-5G,蘇寧易購官方旗艦店,7999,1076,2019-12-25
華為-Mate30,三際數碼官方旗艦店,4498,1681,2019-12-25
華為-Mate30Pro,三際數碼官方旗艦店,5799,1575,2019-12-25
三星-Note10,三際數碼官方旗艦店,6599,20,2019-12-25
三星-Note10-5G,三際數碼官方旗艦店,7999,325,2019-12-25
Vivo-Nex3-5G,Vivo官方旗艦店,5698,10000,2019-12-24
Vivo-Nex3,Vivo官方旗艦店,4498,1682,2019-12-24
華為-Mate30,華為官方旗艦店,4299,74000,2019-12-24
華為-Mate30Pro,華為官方旗艦店,5799,75000,2019-12-24
三星-Note10,三星官方旗艦店,6599,1235,2019-12-24
三星-Note10-5G,三星官方旗艦店,7999,14000,2019-12-24
Vivo-Nex3-5G,蘇寧易購官方旗艦店,4998,1386,2019-12-24
Vivo-Nex3,蘇寧易購官方旗艦店,4498,388,2019-12-24
華為-Mate30,蘇寧易購官方旗艦店,4299,10000,2019-12-24
三星-Note10,蘇寧易購官方旗艦店,6599,233,2019-12-24
三星-Note10-5G,蘇寧易購官方旗艦店,7999,1077,2019-12-24
華為-Mate30,三際數碼官方旗艦店,4498,1682,2019-12-24
華為-Mate30Pro,三際數碼官方旗艦店,5799,1574,2019-12-24
三星-Note10,三際數碼官方旗艦店,6599,20,2019-12-24
三星-Note10-5G,三際數碼官方旗艦店,7999,317,2019-12-24
Vivo-Nex3-5G,Vivo官方旗艦店,5698,9968,2019-12-23
Vivo-Nex3,Vivo官方旗艦店,4498,1678,2019-12-23
華為-Mate30,華為官方旗艦店,4299,74000,2019-12-23
華為-Mate30Pro,華為官方旗艦店,5799,75000,2019-12-23
三星-Note10,三星官方旗艦店,6599,1234,2019-12-23
三星-Note10-5G,三星官方旗艦店,7999,14000,2019-12-23
Vivo-Nex3-5G,蘇寧易購官方旗艦店,4998,1379,2019-12-23
Vivo-Nex3,蘇寧易購官方旗艦店,4498,388,2019-12-23
華為-Mate30,蘇寧易購官方旗艦店,4299,10000,2019-12-23
三星-Note10,蘇寧易購官方旗艦店,6599,232,2019-12-23
三星-Note10-5G,蘇寧易購官方旗艦店,7999,1076,2019-12-23
華為-Mate30,三際數碼官方旗艦店,4498,1675,2019-12-23
華為-Mate30Pro,三際數碼官方旗艦店,5799,1569,2019-12-23
三星-Note10,三際數碼官方旗艦店,6599,20,2019-12-23
三星-Note10-5G,三際數碼官方旗艦店,7999,316,2019-12-23
Vivo-Nex3-5G,Vivo官方旗艦店,5698,9920,2019-12-22
Vivo-Nex3,Vivo官方旗艦店,4498,1671,2019-12-22
華為-Mate30,華為官方旗艦店,4299,74000,2019-12-22
華為-Mate30Pro,華為官方旗艦店,5799,75000,2019-12-22
三星-Note10,三星官方旗艦店,6599,1227,2019-12-22
三星-Note10-5G,三星官方旗艦店,7999,14000,2019-12-22
Vivo-Nex3-5G,蘇寧易購官方旗艦店,4998,1375,2019-12-22
Vivo-Nex3,蘇寧易購官方旗艦店,4498,388,2019-12-22
華為-Mate30,蘇寧易購官方旗艦店,4299,10000,2019-12-22
三星-Note10,蘇寧易購官方旗艦店,6599,230,2019-12-22
三星-Note10-5G,蘇寧易購官方旗艦店,7999,1076,2019-12-22
華為-Mate30,三際數碼官方旗艦店,4498,1666,2019-12-22
華為-Mate30Pro,三際數碼官方旗艦店,5799,1565,2019-12-22
三星-Note10,三際數碼官方旗艦店,6599,20,2019-12-22
三星-Note10-5G,三際數碼官方旗艦店,7999,317,2019-12-22
Vivo-Nex3-5G,Vivo官方旗艦店,5698,9826,2019-12-21
Vivo-Nex3,Vivo官方旗艦店,4498,1665,2019-12-21
華為-Mate30,華為官方旗艦店,4299,73000,2019-12-21
華為-Mate30Pro,華為官方旗艦店,5799,75000,2019-12-21
三星-Note10,三星官方旗艦店,6599,1213,2019-12-21
三星-Note10-5G,三星官方旗艦店,7999,14000,2019-12-21
Vivo-Nex3-5G,蘇寧易購官方旗艦店,4998,1357,2019-12-21
Vivo-Nex3,蘇寧易購官方旗艦店,4498,384,2019-12-21
華為-Mate30,蘇寧易購官方旗艦店,4299,10000,2019-12-21
三星-Note10,蘇寧易購官方旗艦店,6599,223,2019-12-21
三星-Note10-5G,蘇寧易購官方旗艦店,7999,1055,2019-12-21
華為-Mate30,三際數碼官方旗艦店,4498,1661,2019-12-21
華為-Mate30Pro,三際數碼官方旗艦店,7899,1556,2019-12-21
三星-Note10,三際數碼官方旗艦店,6599,20,2019-12-21
三星-Note10-5G,三際數碼官方旗艦店,7999,305,2019-12-21
Vivo-Nex3-5G,Vivo官方旗艦店,5698,9745,2019-12-20
Vivo-Nex3,Vivo官方旗艦店,4498,1655,2019-12-20
華為-Mate30,華為官方旗艦店,4299,73000,2019-12-20
華為-Mate30Pro,華為官方旗艦店,5799,74000,2019-12-20
三星-Note10,三星官方旗艦店,6599,1206,2019-12-20
三星-Note10-5G,三星官方旗艦店,7999,14000,2019-12-20
Vivo-Nex3-5G,蘇寧易購官方旗艦店,4998,1344,2019-12-20
Vivo-Nex3,蘇寧易購官方旗艦店,4498,381,2019-12-20
華為-Mate30,蘇寧易購官方旗艦店,4299,10000,2019-12-20
三星-Note10,蘇寧易購官方旗艦店,6599,221,2019-12-20
三星-Note10-5G,蘇寧易購官方旗艦店,7999,1041,2019-12-20
華為-Mate30,三際數碼官方旗艦店,4498,1643,2019-12-20
華為-Mate30Pro,三際數碼官方旗艦店,7899,1554,2019-12-20
三星-Note10,三際數碼官方旗艦店,6599,20,2019-12-20
三星-Note10-5G,三際數碼官方旗艦店,7999,293,2019-12-20
Vivo-Nex3-5G,Vivo官方旗艦店,5698,9643,2019-12-19
Vivo-Nex3,Vivo官方旗艦店,4498,1646,2019-12-19
華為-Mate30,華為官方旗艦店,4299,72000,2019-12-19
華為-Mate30Pro,華為官方旗艦店,5799,74000,2019-12-19
三星-Note10,三星官方旗艦店,6599,1191,2019-12-19
三星-Note10-5G,三星官方旗艦店,7999,14000,2019-12-19
Vivo-Nex3-5G,蘇寧易購官方旗艦店,4998,1336,2019-12-19
Vivo-Nex3,蘇寧易購官方旗艦店,4498,381,2019-12-19
華為-Mate30,蘇寧易購官方旗艦店,4299,10000,2019-12-19
三星-Note10,蘇寧易購官方旗艦店,6599,217,2019-12-19
三星-Note10-5G,蘇寧易購官方旗艦店,7999,1026,2019-12-19
華為-Mate30,三際數碼官方旗艦店,4299,1635,2019-12-19
華為-Mate30Pro,三際數碼官方旗艦店,7899,1550,2019-12-19
三星-Note10,三際數碼官方旗艦店,6599,20,2019-12-19
三星-Note10-5G,三際數碼官方旗艦店,7999,282,2019-12-19
Vivo-Nex3-5G,Vivo官方旗艦店,5698,9617,2019-12-18
Vivo-Nex3,Vivo官方旗艦店,4498,1639,2019-12-18
華為-Mate30,華為官方旗艦店,4299,72000,2019-12-18
華為-Mate30Pro,華為官方旗艦店,5799,74000,2019-12-18
三星-Note10,三星官方旗艦店,6599,1187,2019-12-18
三星-Note10-5G,三星官方旗艦店,7999,14000,2019-12-18
Vivo-Nex3-5G,蘇寧易購官方旗艦店,4998,1329,2019-12-18
Vivo-Nex3,蘇寧易購官方旗艦店,4498,381,2019-12-18
華為-Mate30,蘇寧易購官方旗艦店,4299,10000,2019-12-18
三星-Note10,蘇寧易購官方旗艦店,6599,217,2019-12-18
三星-Note10-5G,蘇寧易購官方旗艦店,7999,1021,2019-12-18
華為-Mate30,三際數碼官方旗艦店,4299,1628,2019-12-18
華為-Mate30Pro,三際數碼官方旗艦店,7899,1541,2019-12-18
三星-Note10,三際數碼官方旗艦店,6599,20,2019-12-18
三星-Note10-5G,三際數碼官方旗艦店,7999,278,2019-12-18
Vivo-Nex3-5G,Vivo官方旗艦店,5698,9611,2019-12-17
Vivo-Nex3,Vivo官方旗艦店,4498,1632,2019-12-17
華為-Mate30,華為官方旗艦店,4299,72000,2019-12-17
華為-Mate30Pro,華為官方旗艦店,5799,74000,2019-12-17
三星-Note10,三星官方旗艦店,6599,1183,2019-12-17
三星-Note10-5G,三星官方旗艦店,7999,14000,2019-12-17
Vivo-Nex3-5G,蘇寧易購官方旗艦店,4998,1325,2019-12-17
Vivo-Nex3,蘇寧易購官方旗艦店,4498,380,2019-12-17
華為-Mate30,蘇寧易購官方旗艦店,4299,10000,2019-12-17
三星-Note10,蘇寧易購官方旗艦店,6599,213,2019-12-17
三星-Note10-5G,蘇寧易購官方旗艦店,7999,1016,2019-12-17
華為-Mate30,三際數碼官方旗艦店,4299,1618,2019-12-17
華為-Mate30Pro,三際數碼官方旗艦店,7899,1542,2019-12-17
三星-Note10,三際數碼官方旗艦店,6599,20,2019-12-17
三星-Note10-5G,三際數碼官方旗艦店,7999,275,2019-12-17
Vivo-Nex3-5G,Vivo官方旗艦店,5698,9587,2019-12-16
Vivo-Nex3,Vivo官方旗艦店,4498,1622,2019-12-16
華為-Mate30,華為官方旗艦店,4299,72000,2019-12-16
華為-Mate30Pro,華為官方旗艦店,5799,74000,2019-12-16
三星-Note10,三星官方旗艦店,6599,1179,2019-12-16
三星-Note10-5G,三星官方旗艦店,7999,14000,2019-12-16
Vivo-Nex3-5G,蘇寧易購官方旗艦店,4998,1321,2019-12-16
Vivo-Nex3,蘇寧易購官方旗艦店,4498,380,2019-12-16
華為-Mate30,蘇寧易購官方旗艦店,4299,10000,2019-12-16
三星-Note10,蘇寧易購官方旗艦店,6599,212,2019-12-16
三星-Note10-5G,蘇寧易購官方旗艦店,7999,1015,2019-12-16
華為-Mate30,三際數碼官方旗艦店,4299,1608,2019-12-16
華為-Mate30Pro,三際數碼官方旗艦店,7899,1540,2019-12-16
三星-Note10,三際數碼官方旗艦店,6599,20,2019-12-16
三星-Note10-5G,三際數碼官方旗艦店,7999,272,2019-12-16
Vivo-Nex3-5G,Vivo官方旗艦店,5698,9561,2019-12-15
Vivo-Nex3,Vivo官方旗艦店,4498,1617,2019-12-15
華為-Mate30,華為官方旗艦店,4299,71000,2019-12-15
華為-Mate30Pro,華為官方旗艦店,5799,74000,2019-12-15
三星-Note10,三星官方旗艦店,6599,1178,2019-12-15
三星-Note10-5G,三星官方旗艦店,7999,14000,2019-12-15
Vivo-Nex3-5G,蘇寧易購官方旗艦店,4998,1320,2019-12-15
Vivo-Nex3,蘇寧易購官方旗艦店,4498,379,2019-12-15
華為-Mate30,蘇寧易購官方旗艦店,4299,10000,2019-12-15
三星-Note10,蘇寧易購官方旗艦店,6599,210,2019-12-15
三星-Note10-5G,蘇寧易購官方旗艦店,7999,1015,2019-12-15
華為-Mate30,三際數碼官方旗艦店,4299,1603,2019-12-15
華為-Mate30Pro,三際數碼官方旗艦店,7899,1542,2019-12-15
三星-Note10,三際數碼官方旗艦店,6599,20,2019-12-15
三星-Note10-5G,三際數碼官方旗艦店,7999,266,2019-12-15
Vivo-Nex3-5G,Vivo官方旗艦店,5698,9499,2019-12-13
Vivo-Nex3,Vivo官方旗艦店,4498,1599,2019-12-13
華為-Mate30,華為官方旗艦店,0,0,2019-12-13
華為-Mate30Pro,華為官方旗艦店,0,0,2019-12-13
三星-Note10,三星官方旗艦店,6599,1099,2019-12-13
三星-Note10-5G,三星官方旗艦店,7999,14000,2019-12-13
Vivo-Nex3-5G,蘇寧易購官方旗艦店,4998,1299,2019-12-13
Vivo-Nex3,蘇寧易購官方旗艦店,4998,350,2019-12-13
華為-Mate30,蘇寧易購官方旗艦店,4299,9999,2019-12-13
三星-Note10,蘇寧易購官方旗艦店,6599,199,2019-12-13
三星-Note10-5G,蘇寧易購官方旗艦店,7999,999,2019-12-13
華為-Mate30,三際數碼官方旗艦店,4299,1599,2019-12-13
華為-Mate30Pro,三際數碼官方旗艦店,7899,1499,2019-12-13
三星-Note10,三際數碼官方旗艦店,6599,20,2019-12-13
三星-Note10-5G,三際數碼官方旗艦店,7999,245,2019-12-13
Vivo-Nex3-5G,Vivo官方旗艦店,6198,9050,2019-12-12
Vivo-Nex3,Vivo官方旗艦店,4498,1512,2019-12-12
華為-Mate30,華為官方旗艦店,4299,64000,2019-12-12
華為-Mate30Pro,華為官方旗艦店,5799,71000,2019-12-12
三星-Note10,三星官方旗艦店,6599,1086,2019-12-12
三星-Note10-5G,三星官方旗艦店,7999,13000,2019-12-12
Vivo-Nex3-5G,蘇寧易購官方旗艦店,5498,1213,2019-12-12
Vivo-Nex3,蘇寧易購官方旗艦店,4498,350,2019-12-12
華為-Mate30,蘇寧易購官方旗艦店,4299,9064,2019-12-12
三星-Note10,蘇寧易購官方旗艦店,6599,173,2019-12-12
三星-Note10-5G,蘇寧易購官方旗艦店,7999,966,2019-12-12
華為-Mate30,三際數碼官方旗艦店,4299,1443,2019-12-12
華為-Mate30Pro,三際數碼官方旗艦店,6899,1378,2019-12-12
三星-Note10,三際數碼官方旗艦店,6599,20,2019-12-12
三星-Note10-5G,三際數碼官方旗艦店,7999,245,2019-12-12
Vivo-Nex3-5G,Vivo官方旗艦店,6198,9046,2019-12-11
Vivo-Nex3,Vivo官方旗艦店,4498,1513,2019-12-11
華為-Mate30,華為官方旗艦店,4299,64000,2019-12-11
華為-Mate30Pro,華為官方旗艦店,5799,71000,2019-12-11
三星-Note10,三星官方旗艦店,6599,1086,2019-12-11
三星-Note10-5G,三星官方旗艦店,7999,13000,2019-12-11
Vivo-Nex3-5G,蘇寧易購官方旗艦店,6198,1213,2019-12-11
Vivo-Nex3,蘇寧易購官方旗艦店,4498,349,2019-12-11
華為-Mate30,蘇寧易購官方旗艦店,4299,9056,2019-12-11
三星-Note10,蘇寧易購官方旗艦店,6599,174,2019-12-11
三星-Note10-5G,蘇寧易購官方旗艦店,7999,966,2019-12-11
華為-Mate30,三際數碼官方旗艦店,4299,1431,2019-12-11
華為-Mate30Pro,三際數碼官方旗艦店,5799,1372,2019-12-11
三星-Note10,三際數碼官方旗艦店,6599,20,2019-12-11
三星-Note10-5G,三際數碼官方旗艦店,7999,244,2019-12-11
Vivo-Nex3-5G,Vivo官方旗艦店,5698,9006,2019-12-10
Vivo-Nex3,Vivo官方旗艦店,4498,1507,2019-12-10
華為-Mate30,華為官方旗艦店,4299,63000,2019-12-10
華為-Mate30Pro,華為官方旗艦店,5799,71000,2019-12-10
三星-Note10,三星官方旗艦店,6599,1081,2019-12-10
三星-Note10-5G,三星官方旗艦店,7999,13000,2019-12-10
Vivo-Nex3-5G,蘇寧易購官方旗艦店,6198,1202,2019-12-10
Vivo-Nex3,蘇寧易購官方旗艦店,4498,350,2019-12-10
華為-Mate30,蘇寧易購官方旗艦店,4299,9015,2019-12-10
三星-Note10,蘇寧易購官方旗艦店,6599,167,2019-12-10
三星-Note10-5G,蘇寧易購官方旗艦店,7999,962,2019-12-10
華為-Mate30,三際數碼官方旗艦店,4299,1422,2019-12-10
華為-Mate30Pro,三際數碼官方旗艦店,5799,1370,2019-12-10
三星-Note10,三際數碼官方旗艦店,6599,20,2019-12-10
三星-Note10-5G,三際數碼官方旗艦店,7999,243,2019-12-10
Vivo-Nex3-5G,Vivo官方旗艦店,5698,8961,2019-12-09
Vivo-Nex3,Vivo官方旗艦店,4498,1497,2019-12-09
華為-Mate30,華為官方旗艦店,4299,63000,2019-12-09
華為-Mate30Pro,華為官方旗艦店,5799,71000,2019-12-09
三星-Note10,三星官方旗艦店,6599,1066,2019-12-09
三星-Note10-5G,三星官方旗艦店,7999,13000,2019-12-09
Vivo-Nex3-5G,蘇寧易購官方旗艦店,6198,1189,2019-12-09
Vivo-Nex3,蘇寧易購官方旗艦店,4498,348,2019-12-09
華為-Mate30,蘇寧易購官方旗艦店,4299,8977,2019-12-09
三星-Note10,蘇寧易購官方旗艦店,6599,166,2019-12-09
三星-Note10-5G,蘇寧易購官方旗艦店,7999,955,2019-12-09
華為-Mate30,三際數碼官方旗艦店,4299,1415,2019-12-09
華為-Mate30Pro,三際數碼官方旗艦店,5799,1367,2019-12-09
三星-Note10,三際數碼官方旗艦店,6599,19,2019-12-09
三星-Note10-5G,三際數碼官方旗艦店,7999,241,2019-12-09
Vivo-Nex3-5G,Vivo官方旗艦店,6198,8946,2019-12-08
Vivo-Nex3,Vivo官方旗艦店,4498,1493,2019-12-08
華為-Mate30,華為官方旗艦店,4299,63000,2019-12-08
華為-Mate30Pro,華為官方旗艦店,5799,70000,2019-12-08
三星-Note10,三星官方旗艦店,6599,1060,2019-12-08
三星-Note10-5G,三星官方旗艦店,7999,13000,2019-12-08
Vivo-Nex3-5G,蘇寧易購官方旗艦店,6198,1175,2019-12-08
Vivo-Nex3,蘇寧易購官方旗艦店,4498,345,2019-12-08
華為-Mate30,蘇寧易購官方旗艦店,4299,8941,2019-12-08
三星-Note10,蘇寧易購官方旗艦店,6599,165,2019-12-08
三星-Note10-5G,蘇寧易購官方旗艦店,7999,949,2019-12-08
華為-Mate30,三際數碼官方旗艦店,4299,1414,2019-12-08
華為-Mate30Pro,三際數碼官方旗艦店,5799,1366,2019-12-08
三星-Note10,三際數碼官方旗艦店,6599,19,2019-12-08
三星-Note10-5G,三際數碼官方旗艦店,7999,241,2019-12-08
Vivo-Nex3-5G,Vivo官方旗艦店,5698,8900,2019-12-07
Vivo-Nex3,Vivo官方旗艦店,4498,1488,2019-12-07
華為-Mate30,華為官方旗艦店,4299,62000,2019-12-07
華為-Mate30Pro,華為官方旗艦店,5799,70000,2019-12-07
三星-Note10,三星官方旗艦店,6599,1052,2019-12-07
三星-Note10-5G,三星官方旗艦店,7999,13000,2019-12-07
Vivo-Nex3-5G,蘇寧易購官方旗艦店,6198,1156,2019-12-07
Vivo-Nex3,蘇寧易購官方旗艦店,4498,345,2019-12-07
華為-Mate30,蘇寧易購官方旗艦店,4299,8917,2019-12-07
三星-Note10,蘇寧易購官方旗艦店,6599,163,2019-12-07
三星-Note10-5G,蘇寧易購官方旗艦店,7999,938,2019-12-07
華為-Mate30,三際數碼官方旗艦店,4299,1404,2019-12-07
華為-Mate30Pro,三際數碼官方旗艦店,5799,1362,2019-12-07
三星-Note10,三際數碼官方旗艦店,6599,19,2019-12-07
三星-Note10-5G,三際數碼官方旗艦店,7999,240,2019-12-07
Vivo-Nex3-5G,Vivo官方旗艦店,5698,8875,2019-12-06
Vivo-Nex3,Vivo官方旗艦店,4498,1483,2019-12-06
華為-Mate30,華為官方旗艦店,4299,62000,2019-12-06
華為-Mate30Pro,華為官方旗艦店,5799,70000,2019-12-06
三星-Note10,三星官方旗艦店,6599,1048,2019-12-06
三星-Note10-5G,三星官方旗艦店,7999,13000,2019-12-06
Vivo-Nex3-5G,蘇寧易購官方旗艦店,5698,1146,2019-12-06
Vivo-Nex3,蘇寧易購官方旗艦店,4498,345,2019-12-06
華為-Mate30,蘇寧易購官方旗艦店,4299,8878,2019-12-06
三星-Note10,蘇寧易購官方旗艦店,6599,161,2019-12-06
三星-Note10-5G,蘇寧易購官方旗艦店,7999,925,2019-12-06
華為-Mate30,三際數碼官方旗艦店,4299,1396,2019-12-06
華為-Mate30Pro,三際數碼官方旗艦店,5799,1362,2019-12-06
三星-Note10,三際數碼官方旗艦店,6599,19,2019-12-06
三星-Note10-5G,三際數碼官方旗艦店,7999,238,2019-12-06
Vivo-Nex3-5G,Vivo官方旗艦店,5698,8854,2019-12-05
Vivo-Nex3,Vivo官方旗艦店,4498,1475,2019-12-05
華為-Mate30,華為官方旗艦店,4299,62000,2019-12-05
華為-Mate30Pro,華為官方旗艦店,5799,70000,2019-12-05
三星-Note10,三星官方旗艦店,6599,1042,2019-12-05
三星-Note10-5G,三星官方旗艦店,7999,13000,2019-12-05
Vivo-Nex3-5G,蘇寧易購官方旗艦店,5698,1138,2019-12-05
Vivo-Nex3,蘇寧易購官方旗艦店,4498,340,2019-12-05
華為-Mate30,蘇寧易購官方旗艦店,4299,8832,2019-12-05
三星-Note10,蘇寧易購官方旗艦店,6599,161,2019-12-05
三星-Note10-5G,蘇寧易購官方旗艦店,7999,922,2019-12-05
華為-Mate30,三際數碼官方旗艦店,4299,1384,2019-12-05
華為-Mate30Pro,三際數碼官方旗艦店,5799,1355,2019-12-05
三星-Note10,三際數碼官方旗艦店,6599,19,2019-12-05
三星-Note10-5G,三際數碼官方旗艦店,7999,238,2019-12-05
Vivo-Nex3-5G,Vivo官方旗艦店,5698,8833,2019-12-04
Vivo-Nex3,Vivo官方旗艦店,4498,1469,2019-12-04
華為-Mate30,華為官方旗艦店,4299,62000,2019-12-04
華為-Mate30Pro,華為官方旗艦店,5799,70000,2019-12-04
三星-Note10,三星官方旗艦店,6599,1032,2019-12-04
三星-Note10-5G,三星官方旗艦店,7999,13000,2019-12-04
Vivo-Nex3-5G,蘇寧易購官方旗艦店,6198,1117,2019-12-04
Vivo-Nex3,蘇寧易購官方旗艦店,4498,337,2019-12-04
華為-Mate30,蘇寧易購官方旗艦店,4299,8785,2019-12-04
三星-Note10,蘇寧易購官方旗艦店,6599,159,2019-12-04
三星-Note10-5G,蘇寧易購官方旗艦店,7999,918,2019-12-04
華為-Mate30,三際數碼官方旗艦店,4299,1384,2019-12-04
華為-Mate30Pro,三際數碼官方旗艦店,5799,1351,2019-12-04
三星-Note10,三際數碼官方旗艦店,6599,19,2019-12-04
三星-Note10-5G,三際數碼官方旗艦店,7999,238,2019-12-04
Vivo-Nex3-5G,Vivo官方旗艦店,5698,8800,2019-12-03
Vivo-Nex3,Vivo官方旗艦店,4498,1458,2019-12-03
華為-Mate30,華為官方旗艦店,4299,61000,2019-12-03
華為-Mate30Pro,華為官方旗艦店,6299,70000,2019-12-03
三星-Note10,三星官方旗艦店,6599,1024,2019-12-03
三星-Note10-5G,三星官方旗艦店,7999,13000,2019-12-03
Vivo-Nex3-5G,蘇寧易購官方旗艦店,6198,1096,2019-12-03
Vivo-Nex3,蘇寧易購官方旗艦店,4498,335,2019-12-03
華為-Mate30,蘇寧易購官方旗艦店,4299,8729,2019-12-03
三星-Note10,蘇寧易購官方旗艦店,6599,155,2019-12-03
三星-Note10-5G,蘇寧易購官方旗艦店,7999,906,2019-12-03
華為-Mate30,三際數碼官方旗艦店,4299,1371,2019-12-03
華為-Mate30Pro,三際數碼官方旗艦店,5799,1347,2019-12-03
三星-Note10,三際數碼官方旗艦店,6599,18,2019-12-03
三星-Note10-5G,三際數碼官方旗艦店,7999,236,2019-12-03
Vivo-Nex3-5G,Vivo官方旗艦店,5698,8765,2019-12-02
Vivo-Nex3,Vivo官方旗艦店,4498,1445,2019-12-02
華為-Mate30,華為官方旗艦店,4299,61000,2019-12-02
華為-Mate30Pro,華為官方旗艦店,6299,69000,2019-12-02
三星-Note10,三星官方旗艦店,6599,1017,2019-12-02
三星-Note10-5G,三星官方旗艦店,7999,13000,2019-12-02
Vivo-Nex3-5G,蘇寧易購官方旗艦店,6198,1081,2019-12-02
Vivo-Nex3,蘇寧易購官方旗艦店,4498,332,2019-12-02
華為-Mate30,蘇寧易購官方旗艦店,4299,8660,2019-12-02
三星-Note10,蘇寧易購官方旗艦店,6599,152,2019-12-02
三星-Note10-5G,蘇寧易購官方旗艦店,7999,895,2019-12-02
華為-Mate30,三際數碼官方旗艦店,4299,1366,2019-12-02
華為-Mate30Pro,三際數碼官方旗艦店,5799,1340,2019-12-02
三星-Note10,三際數碼官方旗艦店,6599,18,2019-12-02
三星-Note10-5G,三際數碼官方旗艦店,7999,236,2019-12-02
Vivo-Nex3-5G,Vivo官方旗艦店,5698,8734,2019-12-01
Vivo-Nex3,Vivo官方旗艦店,4498,1434,2019-12-01
華為-Mate30,華為官方旗艦店,4299,60000,2019-12-01
華為-Mate30Pro,華為官方旗艦店,5799,69000,2019-12-01
三星-Note10,三星官方旗艦店,6599,1009,2019-12-01
三星-Note10-5G,三星官方旗艦店,7999,13000,2019-12-01
Vivo-Nex3-5G,蘇寧易購官方旗艦店,6198,1055,2019-12-01
Vivo-Nex3,蘇寧易購官方旗艦店,4498,331,2019-12-01
華為-Mate30,蘇寧易購官方旗艦店,4299,8580,2019-12-01
三星-Note10,蘇寧易購官方旗艦店,6599,153,2019-12-01
三星-Note10-5G,蘇寧易購官方旗艦店,7999,893,2019-12-01
華為-Mate30,三際數碼官方旗艦店,4299,1353,2019-12-01
華為-Mate30Pro,三際數碼官方旗艦店,5799,1336,2019-12-01
三星-Note10,三際數碼官方旗艦店,6599,18,2019-12-01
三星-Note10-5G,三際數碼官方旗艦店,7999,235,2019-12-01
Vivo-Nex3-5G,Vivo官方旗艦店,5698,8705,2019-11-30
Vivo-Nex3,Vivo官方旗艦店,4498,1429,2019-11-30
華為-Mate30,華為官方旗艦店,4299,60000,2019-11-30
華為-Mate30Pro,華為官方旗艦店,5799,69000,2019-11-30
三星-Note10,三星官方旗艦店,6599,1001,2019-11-30
三星-Note10-5G,三星官方旗艦店,7999,12000,2019-11-30
Vivo-Nex3-5G,蘇寧易購官方旗艦店,6198,1036,2019-11-30
Vivo-Nex3,蘇寧易購官方旗艦店,4498,329,2019-11-30
華為-Mate30,蘇寧易購官方旗艦店,4299,8501,2019-11-30
三星-Note10,蘇寧易購官方旗艦店,6599,150,2019-11-30
三星-Note10-5G,蘇寧易購官方旗艦店,7999,873,2019-11-30
華為-Mate30,三際數碼官方旗艦店,4299,1342,2019-11-30
華為-Mate30Pro,三際數碼官方旗艦店,5799,1331,2019-11-30
三星-Note10,三際數碼官方旗艦店,6599,18,2019-11-30
三星-Note10-5G,三際數碼官方旗艦店,7999,234,2019-11-30
Vivo-Nex3-5G,Vivo官方旗艦店,5698,8666,2019-11-29
Vivo-Nex3,Vivo官方旗艦店,4498,1422,2019-11-29
華為-Mate30,華為官方旗艦店,4299,59000,2019-11-29
華為-Mate30Pro,華為官方旗艦店,5799,69000,2019-11-29
三星-Note10,三星官方旗艦店,6599,996,2019-11-29
三星-Note10-5G,三星官方旗艦店,7999,12000,2019-11-29
Vivo-Nex3-5G,蘇寧易購官方旗艦店,6198,1021,2019-11-29
Vivo-Nex3,蘇寧易購官方旗艦店,4498,327,2019-11-29
華為-Mate30,蘇寧易購官方旗艦店,4299,8419,2019-11-29
三星-Note10,蘇寧易購官方旗艦店,6599,150,2019-11-29
三星-Note10-5G,蘇寧易購官方旗艦店,7999,865,2019-11-29
華為-Mate30,三際數碼官方旗艦店,4299,1337,2019-11-29
華為-Mate30Pro,三際數碼官方旗艦店,5799,1325,2019-11-29
三星-Note10,三際數碼官方旗艦店,6599,18,2019-11-29
三星-Note10-5G,三際數碼官方旗艦店,7999,233,2019-11-29
Vivo-Nex3-5G,Vivo官方旗艦店,5698,8633,2019-11-28
Vivo-Nex3,Vivo官方旗艦店,4498,1408,2019-11-28
華為-Mate30,華為官方旗艦店,4299,59000,2019-11-28
華為-Mate30Pro,華為官方旗艦店,5799,69000,2019-11-28
三星-Note10,三星官方旗艦店,6599,983,2019-11-28
三星-Note10-5G,三星官方旗艦店,7999,12000,2019-11-28
Vivo-Nex3-5G,蘇寧易購官方旗艦店,6198,1001,2019-11-28
Vivo-Nex3,蘇寧易購官方旗艦店,4498,325,2019-11-28
華為-Mate30,蘇寧易購官方旗艦店,4299,8349,2019-11-28
三星-Note10,蘇寧易購官方旗艦店,6599,147,2019-11-28
三星-Note10-5G,蘇寧易購官方旗艦店,7999,853,2019-11-28
華為-Mate30,三際數碼官方旗艦店,4299,1330,2019-11-28
華為-Mate30Pro,三際數碼官方旗艦店,5799,1316,2019-11-28
三星-Note10,三際數碼官方旗艦店,6599,18,2019-11-28
三星-Note10-5G,三際數碼官方旗艦店,7999,232,2019-11-28
Vivo-Nex3-5G,Vivo官方旗艦店,5698,8618,2019-11-27
Vivo-Nex3,Vivo官方旗艦店,4498,1403,2019-11-27
華為-Mate30,華為官方旗艦店,4299,59000,2019-11-27
華為-Mate30Pro,華為官方旗艦店,5799,69000,2019-11-27
三星-Note10,三星官方旗艦店,6599,977,2019-11-27
三星-Note10-5G,三星官方旗艦店,7999,12000,2019-11-27
Vivo-Nex3-5G,蘇寧易購官方旗艦店,6198,983,2019-11-27
Vivo-Nex3,蘇寧易購官方旗艦店,4498,323,2019-11-27
華為-Mate30,蘇寧易購官方旗艦店,4299,8278,2019-11-27
三星-Note10,蘇寧易購官方旗艦店,6599,147,2019-11-27
三星-Note10-5G,蘇寧易購官方旗艦店,7999,842,2019-11-27
華為-Mate30,三際數碼官方旗艦店,4299,1318,2019-11-27
華為-Mate30Pro,三際數碼官方旗艦店,5799,1305,2019-11-27
三星-Note10,三際數碼官方旗艦店,6599,18,2019-11-27
三星-Note10-5G,三際數碼官方旗艦店,7999,232,2019-11-27
Vivo-Nex3-5G,Vivo官方旗艦店,6198,8587,2019-11-26
Vivo-Nex3,Vivo官方旗艦店,4498,1399,2019-11-26
華為-Mate30,華為官方旗艦店,4299,58000,2019-11-26
華為-Mate30Pro,華為官方旗艦店,5799,68000,2019-11-26
三星-Note10,三星官方旗艦店,6599,962,2019-11-26
三星-Note10-5G,三星官方旗艦店,7999,12000,2019-11-26
Vivo-Nex3-5G,蘇寧易購官方旗艦店,6198,965,2019-11-26
Vivo-Nex3,蘇寧易購官方旗艦店,4498,321,2019-11-26
華為-Mate30,蘇寧易購官方旗艦店,4299,8185,2019-11-26
三星-Note10,蘇寧易購官方旗艦店,6599,147,2019-11-26
三星-Note10-5G,蘇寧易購官方旗艦店,7999,832,2019-11-26
華為-Mate30,三際數碼官方旗艦店,4299,1302,2019-11-26
華為-Mate30Pro,三際數碼官方旗艦店,5799,1290,2019-11-26
三星-Note10,三際數碼官方旗艦店,6599,18,2019-11-26
三星-Note10-5G,三際數碼官方旗艦店,7999,230,2019-11-26
Vivo-Nex3-5G,Vivo官方旗艦店,6198,8544,2019-11-25
Vivo-Nex3,Vivo官方旗艦店,4498,1388,2019-11-25
華為-Mate30,華為官方旗艦店,4299,58000,2019-11-25
華為-Mate30Pro,華為官方旗艦店,5799,68000,2019-11-25
三星-Note10,三星官方旗艦店,6599,959,2019-11-25
三星-Note10-5G,三星官方旗艦店,7999,12000,2019-11-25
Vivo-Nex3-5G,蘇寧易購官方旗艦店,6198,964,2019-11-25
Vivo-Nex3,蘇寧易購官方旗艦店,4498,320,2019-11-25
華為-Mate30,蘇寧易購官方旗艦店,4299,8106,2019-11-25
三星-Note10,蘇寧易購官方旗艦店,6599,142,2019-11-25
三星-Note10-5G,蘇寧易購官方旗艦店,7999,827,2019-11-25
華為-Mate30,三際數碼官方旗艦店,4299,1287,2019-11-25
華為-Mate30Pro,三際數碼官方旗艦店,5799,1278,2019-11-25
三星-Note10,三際數碼官方旗艦店,6599,18,2019-11-25
三星-Note10-5G,三際數碼官方旗艦店,7999,227,2019-11-25
Vivo-Nex3-5G,Vivo官方旗艦店,6198,8495,2019-11-24
Vivo-Nex3,Vivo官方旗艦店,4498,1383,2019-11-24
華為-Mate30,華為官方旗艦店,4299,57000,2019-11-24
華為-Mate30Pro,華為官方旗艦店,5799,68000,2019-11-24
三星-Note10,三星官方旗艦店,6599,953,2019-11-24
三星-Note10-5G,三星官方旗艦店,7999,12000,2019-11-24
Vivo-Nex3-5G,蘇寧易購官方旗艦店,6198,958,2019-11-24
Vivo-Nex3,蘇寧易購官方旗艦店,4498,319,2019-11-24
華為-Mate30,蘇寧易購官方旗艦店,4299,8065,2019-11-24
三星-Note10,蘇寧易購官方旗艦店,6599,142,2019-11-24
三星-Note10-5G,蘇寧易購官方旗艦店,7999,820,2019-11-24
華為-Mate30,三際數碼官方旗艦店,4299,1284,2019-11-24
華為-Mate30Pro,三際數碼官方旗艦店,5799,1276,2019-11-24
三星-Note10,三際數碼官方旗艦店,6599,18,2019-11-24
三星-Note10-5G,三際數碼官方旗艦店,7999,226,2019-11-24
Vivo-Nex3-5G,Vivo官方旗艦店,6198,8470,2019-11-23
Vivo-Nex3,Vivo官方旗艦店,4498,1377,2019-11-23
華為-Mate30,華為官方旗艦店,4299,57000,2019-11-23
華為-Mate30Pro,華為官方旗艦店,5799,68000,2019-11-23
三星-Note10,三星官方旗艦店,6599,946,2019-11-23
三星-Note10-5G,三星官方旗艦店,7999,12000,2019-11-23
Vivo-Nex3-5G,蘇寧易購官方旗艦店,6198,945,2019-11-23
Vivo-Nex3,蘇寧易購官方旗艦店,4498,317,2019-11-23
華為-Mate30,蘇寧易購官方旗艦店,4299,8015,2019-11-23
三星-Note10,蘇寧易購官方旗艦店,6599,140,2019-11-23
三星-Note10-5G,蘇寧易購官方旗艦店,7999,806,2019-11-23
華為-Mate30,三際數碼官方旗艦店,4299,1282,2019-11-23
華為-Mate30Pro,三際數碼官方旗艦店,5799,1269,2019-11-23
三星-Note10,三際數碼官方旗艦店,6599,19,2019-11-23
三星-Note10-5G,三際數碼官方旗艦店,7999,226,2019-11-23
Vivo-Nex3-5G,Vivo官方旗艦店,6198,8438,2019-11-22
Vivo-Nex3,Vivo官方旗艦店,4498,1371,2019-11-22
華為-Mate30,華為官方旗艦店,4299,57000,2019-11-22
華為-Mate30Pro,華為官方旗艦店,5799,67000,2019-11-22
三星-Note10,三星官方旗艦店,6599,940,2019-11-22
三星-Note10-5G,三星官方旗艦店,7999,12000,2019-11-22
Vivo-Nex3-5G,蘇寧易購官方旗艦店,6198,940,2019-11-22
Vivo-Nex3,蘇寧易購官方旗艦店,4498,317,2019-11-22
華為-Mate30,蘇寧易購官方旗艦店,4299,7975,2019-11-22
三星-Note10,蘇寧易購官方旗艦店,6599,138,2019-11-22
三星-Note10-5G,蘇寧易購官方旗艦店,7999,794,2019-11-22
華為-Mate30,三際數碼官方旗艦店,4299,1277,2019-11-22
華為-Mate30Pro,三際數碼官方旗艦店,5799,1263,2019-11-22
三星-Note10,三際數碼官方旗艦店,6599,19,2019-11-22
三星-Note10-5G,三際數碼官方旗艦店,7999,225,2019-11-22
Vivo-Nex3-5G,Vivo官方旗艦店,6198,8432,2019-11-21
Vivo-Nex3,Vivo官方旗艦店,4498,1367,2019-11-21
華為-Mate30,華為官方旗艦店,4299,56000,2019-11-21
華為-Mate30Pro,華為官方旗艦店,5799,67000,2019-11-21
三星-Note10,三星官方旗艦店,6599,930,2019-11-21
三星-Note10-5G,三星官方旗艦店,7999,12000,2019-11-21
Vivo-Nex3-5G,蘇寧易購官方旗艦店,6198,940,2019-11-21
Vivo-Nex3,蘇寧易購官方旗艦店,4498,317,2019-11-21
華為-Mate30,蘇寧易購官方旗艦店,4299,7917,2019-11-21
三星-Note10,蘇寧易購官方旗艦店,6599,137,2019-11-21
三星-Note10-5G,蘇寧易購官方旗艦店,7999,785,2019-11-21
華為-Mate30,三際數碼官方旗艦店,4299,1270,2019-11-21
華為-Mate30Pro,三際數碼官方旗艦店,5799,1263,2019-11-21
三星-Note10,三際數碼官方旗艦店,6599,18,2019-11-21
三星-Note10-5G,三際數碼官方旗艦店,7999,220,2019-11-21
Vivo-Nex3-5G,Vivo官方旗艦店,6198,8399,2019-11-20
Vivo-Nex3,Vivo官方旗艦店,4498,1359,2019-11-20
華為-Mate30,華為官方旗艦店,4299,56000,2019-11-20
華為-Mate30Pro,華為官方旗艦店,5799,67000,2019-11-20
三星-Note10,三星官方旗艦店,6599,927,2019-11-20
三星-Note10-5G,三星官方旗艦店,7999,12000,2019-11-20
Vivo-Nex3-5G,蘇寧易購官方旗艦店,6198,933,2019-11-20
Vivo-Nex3,蘇寧易購官方旗艦店,4498,316,2019-11-20
華為-Mate30,蘇寧易購官方旗艦店,4299,7856,2019-11-20
三星-Note10,蘇寧易購官方旗艦店,6599,132,2019-11-20
三星-Note10-5G,蘇寧易購官方旗艦店,7999,768,2019-11-20
華為-Mate30,三際數碼官方旗艦店,4299,1263,2019-11-20
華為-Mate30Pro,三際數碼官方旗艦店,5799,1262,2019-11-20
三星-Note10,三際數碼官方旗艦店,6599,17,2019-11-20
三星-Note10-5G,三際數碼官方旗艦店,7999,218,2019-11-20
Vivo-Nex3-5G,Vivo官方旗艦店,6198,8370,2019-11-19
Vivo-Nex3,Vivo官方旗艦店,4498,1354,2019-11-19
華為-Mate30,華為官方旗艦店,4299,55000,2019-11-19
華為-Mate30Pro,華為官方旗艦店,5799,67000,2019-11-19
三星-Note10,三星官方旗艦店,6599,927,2019-11-19
三星-Note10-5G,三星官方旗艦店,7999,12000,2019-11-19
Vivo-Nex3-5G,蘇寧易購官方旗艦店,6198,930,2019-11-19
Vivo-Nex3,蘇寧易購官方旗艦店,4498,316,2019-11-19
華為-Mate30,蘇寧易購官方旗艦店,4299,7803,2019-11-19
三星-Note10,蘇寧易購官方旗艦店,6599,130,2019-11-19
三星-Note10-5G,蘇寧易購官方旗艦店,7999,763,2019-11-19
華為-Mate30,三際數碼官方旗艦店,4299,1258,2019-11-19
華為-Mate30Pro,三際數碼官方旗艦店,5799,1246,2019-11-19
三星-Note10,三際數碼官方旗艦店,6599,17,2019-11-19
三星-Note10-5G,三際數碼官方旗艦店,7999,217,2019-11-19
Vivo-Nex3-5G,Vivo官方旗艦店,6198,8282,2019-11-17
Vivo-Nex3,Vivo官方旗艦店,4498,1353,2019-11-17
華為-Mate30,華為官方旗艦店,4299,54000,2019-11-17
華為-Mate30Pro,華為官方旗艦店,5799,66000,2019-11-17
三星-Note10,三星官方旗艦店,6599,923,2019-11-17
三星-Note10-5G,三星官方旗艦店,7999,12000,2019-11-17
Vivo-Nex3-5G,蘇寧易購官方旗艦店,6198,916,2019-11-17
Vivo-Nex3,蘇寧易購官方旗艦店,4498,308,2019-11-17
華為-Mate30,蘇寧易購官方旗艦店,4299,7699,2019-11-17
三星-Note10,蘇寧易購官方旗艦店,6599,131,2019-11-17
三星-Note10-5G,蘇寧易購官方旗艦店,7999,758,2019-11-17
華為-Mate30,三際數碼官方旗艦店,4299,1246,2019-11-17
華為-Mate30Pro,三際數碼官方旗艦店,5799,1215,2019-11-17
三星-Note10,三際數碼官方旗艦店,6599,17,2019-11-17
三星-Note10-5G,三際數碼官方旗艦店,7999,213,2019-11-17
Vivo-Nex3-5G,Vivo官方旗艦店,6198,8259,2019-11-16
Vivo-Nex3,Vivo官方旗艦店,4498,1344,2019-11-16
華為-Mate30,華為官方旗艦店,4299,54000,2019-11-16
華為-Mate30Pro,華為官方旗艦店,5799,66000,2019-11-16
三星-Note10,三星官方旗艦店,6599,928,2019-11-16
三星-Note10-5G,三星官方旗艦店,7999,12000,2019-11-16
Vivo-Nex3-5G,蘇寧易購官方旗艦店,6198,910,2019-11-16
Vivo-Nex3,蘇寧易購官方旗艦店,4498,304,2019-11-16
華為-Mate30,蘇寧易購官方旗艦店,4299,7645,2019-11-16
三星-Note10,蘇寧易購官方旗艦店,6599,130,2019-11-16
三星-Note10-5G,蘇寧易購官方旗艦店,7999,748,2019-11-16
華為-Mate30,三際數碼官方旗艦店,4299,1240,2019-11-16
華為-Mate30Pro,三際數碼官方旗艦店,5799,1201,2019-11-16
三星-Note10,三際數碼官方旗艦店,6599,18,2019-11-16
三星-Note10-5G,三際數碼官方旗艦店,7999,210,2019-11-16
Vivo-Nex3-5G,Vivo官方旗艦店,6198,8198,2019-11-15
Vivo-Nex3,Vivo官方旗艦店,4498,1333,2019-11-15
華為-Mate30,華為官方旗艦店,4299,53000,2019-11-15
華為-Mate30Pro,華為官方旗艦店,5799,66000,2019-11-15
三星-Note10,三星官方旗艦店,6599,925,2019-11-15
三星-Note10-5G,三星官方旗艦店,7999,12000,2019-11-15
Vivo-Nex3-5G,蘇寧易購官方旗艦店,6198,907,2019-11-15
Vivo-Nex3,蘇寧易購官方旗艦店,4498,304,2019-11-15
華為-Mate30,蘇寧易購官方旗艦店,4299,7599,2019-11-15
三星-Note10,蘇寧易購官方旗艦店,6599,130,2019-11-15
三星-Note10-5G,蘇寧易購官方旗艦店,7999,738,2019-11-15
華為-Mate30,三際數碼官方旗艦店,4299,1235,2019-11-15
華為-Mate30Pro,三際數碼官方旗艦店,5799,1185,2019-11-15
三星-Note10,三際數碼官方旗艦店,6599,16,2019-11-15
三星-Note10-5G,三際數碼官方旗艦店,7999,209,2019-11-15
Vivo-Nex3-5G,Vivo官方旗艦店,6198,8215,2019-11-14
Vivo-Nex3,Vivo官方旗艦店,4498,1325,2019-11-14
華為-Mate30,華為官方旗艦店,4299,53000,2019-11-14
華為-Mate30Pro,華為官方旗艦店,5799,65000,2019-11-14
三星-Note10,三星官方旗艦店,6599,925,2019-11-14
三星-Note10-5G,三星官方旗艦店,7999,12000,2019-11-14
Vivo-Nex3-5G,蘇寧易購官方旗艦店,6198,902,2019-11-14
Vivo-Nex3,蘇寧易購官方旗艦店,4498,304,2019-11-14
華為-Mate30,蘇寧易購官方旗艦店,4299,7539,2019-11-14
三星-Note10,蘇寧易購官方旗艦店,6599,131,2019-11-14
三星-Note10-5G,蘇寧易購官方旗艦店,7999,734,2019-11-14
華為-Mate30,三際數碼官方旗艦店,4299,1238,2019-11-14
華為-Mate30Pro,三際數碼官方旗艦店,5799,1171,2019-11-14
三星-Note10,三際數碼官方旗艦店,6599,16,2019-11-14
三星-Note10-5G,三際數碼官方旗艦店,7999,208,2019-11-14
Vivo-Nex3-5G,Vivo官方旗艦店,6198,8214,2019-11-13
Vivo-Nex3,Vivo官方旗艦店,4498,1323,2019-11-13
華為-Mate30,華為官方旗艦店,4299,52000,2019-11-13
華為-Mate30Pro,華為官方旗艦店,5799,65000,2019-11-13
三星-Note10,三星官方旗艦店,6599,925,2019-11-13
三星-Note10-5G,三星官方旗艦店,7999,12000,2019-11-13
Vivo-Nex3-5G,蘇寧易購官方旗艦店,6198,915,2019-11-13
Vivo-Nex3,蘇寧易購官方旗艦店,4498,305,2019-11-13
華為-Mate30,蘇寧易購官方旗艦店,4299,7581,2019-11-13
三星-Note10,蘇寧易購官方旗艦店,6599,132,2019-11-13
三星-Note10-5G,蘇寧易購官方旗艦店,7999,740,2019-11-13
華為-Mate30,三際數碼官方旗艦店,4299,1247,2019-11-13
華為-Mate30Pro,三際數碼官方旗艦店,5799,1172,2019-11-13
三星-Note10,三際數碼官方旗艦店,6599,16,2019-11-13
三星-Note10-5G,三際數碼官方旗艦店,7999,204,2019-11-13
Vivo-Nex3-5G,Vivo官方旗艦店,6198,8399,2019-11-12
Vivo-Nex3,Vivo官方旗艦店,4498,1299,2019-11-12
華為-Mate30,華為官方旗艦店,4299,54000,2019-11-12
華為-Mate30Pro,華為官方旗艦店,5799,66000,2019-11-12
三星-Note10,三星官方旗艦店,6599,899,2019-11-12
三星-Note10-5G,三星官方旗艦店,7999,12000,2019-11-12
Vivo-Nex3-5G,蘇寧易購官方旗艦店,6198,899,2019-11-12
Vivo-Nex3,蘇寧易購官方旗艦店,4498,299,2019-11-12
華為-Mate30,蘇寧易購官方旗艦店,4299,7499,2019-11-12
三星-Note10,蘇寧易購官方旗艦店,6599,99,2019-11-12
三星-Note10-5G,蘇寧易購官方旗艦店,7999,699,2019-11-12
華為-Mate30,三際數碼官方旗艦店,4299,1199,2019-11-12
華為-Mate30Pro,三際數碼官方旗艦店,5799,1099,2019-11-12
三星-Note10,三際數碼官方旗艦店,6599,16,2019-11-12
三星-Note10-5G,三際數碼官方旗艦店,7999,199,2019-11-12
Vivo-Nex3-5G,Vivo官方旗艦店,6198,5314,2019-11-11
Vivo-Nex3,Vivo官方旗艦店,4498,1021,2019-11-11
華為-Mate30,華為官方旗艦店,4299,35000,2019-11-11
華為-Mate30Pro,華為官方旗艦店,5799,55000,2019-11-11
三星-Note10,三星官方旗艦店,6599,649,2019-11-11
三星-Note10-5G,三星官方旗艦店,7999,10000,2019-11-11
Vivo-Nex3-5G,蘇寧易購官方旗艦店,6198,630,2019-11-11
Vivo-Nex3,蘇寧易購官方旗艦店,4498,249,2019-11-11
華為-Mate30,蘇寧易購官方旗艦店,4299,5017,2019-11-11
三星-Note10,蘇寧易購官方旗艦店,6599,90,2019-11-11
三星-Note10-5G,蘇寧易購官方旗艦店,7999,556,2019-11-11
華為-Mate30,三際數碼官方旗艦店,4299,933,2019-11-11
華為-Mate30Pro,三際數碼官方旗艦店,5799,999,2019-11-11
三星-Note10,三際數碼官方旗艦店,6599,16,2019-11-11
三星-Note10-5G,三際數碼官方旗艦店,7999,179,2019-11-11
Vivo-Nex3-5G,Vivo官方旗艦店,6198,5315,2019-11-10
Vivo-Nex3,Vivo官方旗艦店,4498,1023,2019-11-10
華為-Mate30,華為官方旗艦店,4299,35000,2019-11-10
華為-Mate30Pro,華為官方旗艦店,5799,55000,2019-11-10
三星-Note10,三星官方旗艦店,6599,650,2019-11-10
三星-Note10-5G,三星官方旗艦店,7999,10000,2019-11-10
Vivo-Nex3-5G,蘇寧易購官方旗艦店,6198,630,2019-11-10
Vivo-Nex3,蘇寧易購官方旗艦店,4498,250,2019-11-10
華為-Mate30,蘇寧易購官方旗艦店,4299,5023,2019-11-10
三星-Note10,蘇寧易購官方旗艦店,6599,90,2019-11-10
三星-Note10-5G,蘇寧易購官方旗艦店,7999,557,2019-11-10
華為-Mate30,三際數碼官方旗艦店,4299,893,2019-11-10
華為-Mate30Pro,三際數碼官方旗艦店,5799,942,2019-11-10
三星-Note10,三際數碼官方旗艦店,6599,16,2019-11-10
三星-Note10-5G,三際數碼官方旗艦店,7999,177,2019-11-10
Vivo-Nex3-5G,Vivo官方旗艦店,6198,5317,2019-11-09
Vivo-Nex3,Vivo官方旗艦店,4498,1027,2019-11-09
華為-Mate30,華為官方旗艦店,4299,35000,2019-11-09
華為-Mate30Pro,華為官方旗艦店,5799,55000,2019-11-09
三星-Note10,三星官方旗艦店,6599,651,2019-11-09
三星-Note10-5G,三星官方旗艦店,7999,10000,2019-11-09
Vivo-Nex3-5G,蘇寧易購官方旗艦店,6198,630,2019-11-09
Vivo-Nex3,蘇寧易購官方旗艦店,4498,250,2019-11-09
華為-Mate30,蘇寧易購官方旗艦店,4299,4899,2019-11-09
三星-Note10,蘇寧易購官方旗艦店,6599,90,2019-11-09
三星-Note10-5G,蘇寧易購官方旗艦店,7999,544,2019-11-09
華為-Mate30,三際數碼官方旗艦店,4299,862,2019-11-09
華為-Mate30Pro,三際數碼官方旗艦店,5799,907,2019-11-09
三星-Note10,三際數碼官方旗艦店,6599,16,2019-11-09
三星-Note10-5G,三際數碼官方旗艦店,7999,176,2019-11-09
Vivo-Nex3-5G,Vivo官方旗艦店,6198,5320,2019-11-08
Vivo-Nex3,Vivo官方旗艦店,4498,1028,2019-11-08
華為-Mate30,華為官方旗艦店,4299,35000,2019-11-08
華為-Mate30Pro,華為官方旗艦店,5799,56000,2019-11-08
三星-Note10,三星官方旗艦店,6599,651,2019-11-08
三星-Note10-5G,三星官方旗艦店,7999,10000,2019-11-08
Vivo-Nex3-5G,蘇寧易購官方旗艦店,6198,624,2019-11-08
Vivo-Nex3,蘇寧易購官方旗艦店,4498,248,2019-11-08
華為-Mate30,蘇寧易購官方旗艦店,4299,4636,2019-11-08
三星-Note10,蘇寧易購官方旗艦店,6599,81,2019-11-08
三星-Note10-5G,蘇寧易購官方旗艦店,7999,518,2019-11-08
華為-Mate30,三際數碼官方旗艦店,4299,847,2019-11-08
華為-Mate30Pro,三際數碼官方旗艦店,5799,864,2019-11-08
三星-Note10,三際數碼官方旗艦店,6599,16,2019-11-08
三星-Note10-5G,三際數碼官方旗艦店,7999,172,2019-11-08
Vivo-Nex3-5G,Vivo官方旗艦店,6198,5326,2019-11-07
Vivo-Nex3,Vivo官方旗艦店,4498,1032,2019-11-07
華為-Mate30,華為官方旗艦店,4299,35000,2019-11-07
華為-Mate30Pro,華為官方旗艦店,5799,56000,2019-11-07
三星-Note10,三星官方旗艦店,6599,651,2019-11-07
三星-Note10-5G,三星官方旗艦店,7999,10000,2019-11-07
Vivo-Nex3-5G,蘇寧易購官方旗艦店,6198,608,2019-11-07
Vivo-Nex3,蘇寧易購官方旗艦店,4498,233,2019-11-07
華為-Mate30,蘇寧易購官方旗艦店,4299,4468,2019-11-07
三星-Note10,蘇寧易購官方旗艦店,6599,78,2019-11-07
三星-Note10-5G,蘇寧易購官方旗艦店,7999,501,2019-11-07
華為-Mate30,三際數碼官方旗艦店,4299,827,2019-11-07
華為-Mate30Pro,三際數碼官方旗艦店,5799,843,2019-11-07
三星-Note10,三際數碼官方旗艦店,6599,16,2019-11-07
三星-Note10-5G,三際數碼官方旗艦店,7999,168,2019-11-07
Vivo-Nex3-5G,Vivo官方旗艦店,6198,5297,2019-11-06
Vivo-Nex3,Vivo官方旗艦店,4498,1019,2019-11-06
華為-Mate30,華為官方旗艦店,4299,35000,2019-11-06
華為-Mate30Pro,華為官方旗艦店,5799,55000,2019-11-06
三星-Note10,三星官方旗艦店,6599,640,2019-11-06
三星-Note10-5G,三星官方旗艦店,7999,9955,2019-11-06
Vivo-Nex3-5G,蘇寧易購官方旗艦店,6198,600,2019-11-06
Vivo-Nex3,蘇寧易購官方旗艦店,4498,224,2019-11-06
華為-Mate30,蘇寧易購官方旗艦店,4299,4398,2019-11-06
三星-Note10,蘇寧易購官方旗艦店,6599,75,2019-11-06
三星-Note10-5G,蘇寧易購官方旗艦店,7999,487,2019-11-06
華為-Mate30,三際數碼官方旗艦店,4299,821,2019-11-06
華為-Mate30Pro,三際數碼官方旗艦店,5799,830,2019-11-06
三星-Note10,三際數碼官方旗艦店,6599,16,2019-11-06
三星-Note10-5G,三際數碼官方旗艦店,7999,168,2019-11-06
Vivo-Nex3-5G,Vivo官方旗艦店,6198,5281,2019-11-05
Vivo-Nex3,Vivo官方旗艦店,4498,1004,2019-11-05
華為-Mate30,華為官方旗艦店,4299,34000,2019-11-05
華為-Mate30Pro,華為官方旗艦店,6299,55000,2019-11-05
三星-Note10,三星官方旗艦店,6599,617,2019-11-05
三星-Note10-5G,三星官方旗艦店,7999,9846,2019-11-05
Vivo-Nex3-5G,蘇寧易購官方旗艦店,6198,597,2019-11-05
Vivo-Nex3,蘇寧易購官方旗艦店,4498,218,2019-11-05
華為-Mate30,蘇寧易購官方旗艦店,4299,4284,2019-11-05
三星-Note10,蘇寧易購官方旗艦店,6599,73,2019-11-05
三星-Note10-5G,蘇寧易購官方旗艦店,7999,473,2019-11-05
華為-Mate30,三際數碼官方旗艦店,4299,815,2019-11-05
華為-Mate30Pro,三際數碼官方旗艦店,5799,819,2019-11-05
三星-Note10,三際數碼官方旗艦店,6599,16,2019-11-05
三星-Note10-5G,三際數碼官方旗艦店,7999,167,2019-11-05
Vivo-Nex3-5G,Vivo官方旗艦店,6198,5263,2019-11-04
Vivo-Nex3,Vivo官方旗艦店,4498,987,2019-11-04
華為-Mate30,華為官方旗艦店,4299,34000,2019-11-04
華為-Mate30Pro,華為官方旗艦店,6299,54000,2019-11-04
三星-Note10,三星官方旗艦店,6599,606,2019-11-04
三星-Note10-5G,三星官方旗艦店,7999,9757,2019-11-04
Vivo-Nex3-5G,蘇寧易購官方旗艦店,6198,586,2019-11-04
Vivo-Nex3,蘇寧易購官方旗艦店,4498,213,2019-11-04
華為-Mate30,蘇寧易購官方旗艦店,4299,4151,2019-11-04
三星-Note10,蘇寧易購官方旗艦店,6599,72,2019-11-04
三星-Note10-5G,蘇寧易購官方旗艦店,7999,465,2019-11-04
華為-Mate30,三際數碼官方旗艦店,4299,802,2019-11-04
華為-Mate30Pro,三際數碼官方旗艦店,5799,807,2019-11-04
三星-Note10,三際數碼官方旗艦店,6599,16,2019-11-04
三星-Note10-5G,三際數碼官方旗艦店,7999,167,2019-11-04
Vivo-Nex3-5G,Vivo官方旗艦店,6198,5233,2019-11-03
Vivo-Nex3,Vivo官方旗艦店,4498,968,2019-11-03
華為-Mate30,華為官方旗艦店,4299,33000,2019-11-03
華為-Mate30Pro,華為官方旗艦店,6299,54000,2019-11-03
三星-Note10,三星官方旗艦店,6599,591,2019-11-03
三星-Note10-5G,三星官方旗艦店,7999,9720,2019-11-03
Vivo-Nex3-5G,蘇寧易購官方旗艦店,6198,578,2019-11-03
Vivo-Nex3,蘇寧易購官方旗艦店,4498,207,2019-11-03
華為-Mate30,蘇寧易購官方旗艦店,4299,4045,2019-11-03
三星-Note10,蘇寧易購官方旗艦店,6599,70,2019-11-03
三星-Note10-5G,蘇寧易購官方旗艦店,7999,457,2019-11-03
華為-Mate30,三際數碼官方旗艦店,4299,788,2019-11-03
華為-Mate30Pro,三際數碼官方旗艦店,5799,794,2019-11-03
三星-Note10,三際數碼官方旗艦店,6599,16,2019-11-03
三星-Note10-5G,三際數碼官方旗艦店,7999,166,2019-11-03
Vivo-Nex3-5G,Vivo官方旗艦店,6198,5222,2019-11-02
Vivo-Nex3,Vivo官方旗艦店,4498,957,2019-11-02
華為-Mate30,華為官方旗艦店,4299,33000,2019-11-02
華為-Mate30Pro,華為官方旗艦店,6299,54000,2019-11-02
三星-Note10,三星官方旗艦店,6599,585,2019-11-02
三星-Note10-5G,三星官方旗艦店,7999,9709,2019-11-02
Vivo-Nex3-5G,蘇寧易購官方旗艦店,6198,576,2019-11-02
Vivo-Nex3,蘇寧易購官方旗艦店,4498,204,2019-11-02
華為-Mate30,蘇寧易購官方旗艦店,4299,4019,2019-11-02
三星-Note10,蘇寧易購官方旗艦店,6599,68,2019-11-02
三星-Note10-5G,蘇寧易購官方旗艦店,7999,456,2019-11-02
華為-Mate30,三際數碼官方旗艦店,4299,784,2019-11-02
華為-Mate30Pro,三際數碼官方旗艦店,5799,793,2019-11-02
三星-Note10,三際數碼官方旗艦店,6599,16,2019-11-02
三星-Note10-5G,三際數碼官方旗艦店,7999,166,2019-11-02
Vivo-Nex3-5G,Vivo官方旗艦店,6198,5133,2019-11-01
Vivo-Nex3,Vivo官方旗艦店,4498,872,2019-11-01
華為-Mate30,華為官方旗艦店,4299,31000,2019-11-01
華為-Mate30Pro,華為官方旗艦店,6299,53000,2019-11-01
三星-Note10,三星官方旗艦店,6599,528,2019-11-01
三星-Note10-5G,三星官方旗艦店,7999,9484,2019-11-01
Vivo-Nex3-5G,蘇寧易購官方旗艦店,6198,557,2019-11-01
Vivo-Nex3,蘇寧易購官方旗艦店,4498,184,2019-11-01
華為-Mate30,蘇寧易購官方旗艦店,4299,3592,2019-11-01
三星-Note10,蘇寧易購官方旗艦店,6599,66,2019-11-01
三星-Note10-5G,蘇寧易購官方旗艦店,7999,447,2019-11-01
華為-Mate30,三際數碼官方旗艦店,4299,768,2019-11-01
華為-Mate30Pro,三際數碼官方旗艦店,5799,765,2019-11-01
三星-Note10,三際數碼官方旗艦店,6599,16,2019-11-01
三星-Note10-5G,三際數碼官方旗艦店,7999,165,2019-11-01
Vivo-Nex3-5G,Vivo官方旗艦店,6198,4973,2019-10-31
Vivo-Nex3,Vivo官方旗艦店,4998,741,2019-10-31
華為-Mate30,華為官方旗艦店,4299,31000,2019-10-31
華為-Mate30Pro,華為官方旗艦店,6299,52000,2019-10-31
三星-Note10,三星官方旗艦店,6599,504,2019-10-31
三星-Note10-5G,三星官方旗艦店,7999,8884,2019-10-31
Vivo-Nex3-5G,蘇寧易購官方旗艦店,6198,540,2019-10-31
Vivo-Nex3,蘇寧易購官方旗艦店,4998,165,2019-10-31
華為-Mate30,蘇寧易購官方旗艦店,4299,3452,2019-10-31
三星-Note10,蘇寧易購官方旗艦店,6599,59,2019-10-31
三星-Note10-5G,蘇寧易購官方旗艦店,7999,415,2019-10-31
華為-Mate30,三際數碼官方旗艦店,4299,748,2019-10-31
華為-Mate30Pro,三際數碼官方旗艦店,5799,759,2019-10-31
三星-Note10,三際數碼官方旗艦店,6599,16,2019-10-31
三星-Note10-5G,三際數碼官方旗艦店,7999,164,2019-10-31
Vivo-Nex3-5G,Vivo官方旗艦店,6198,4888,2019-10-29
Vivo-Nex3,Vivo官方旗艦店,4998,740,2019-10-29
華為-Mate30,華為官方旗艦店,4299,30000,2019-10-29
華為-Mate30Pro,華為官方旗艦店,5799,51000,2019-10-29
三星-Note10,三星官方旗艦店,6599,505,2019-10-29
三星-Note10-5G,三星官方旗艦店,7999,8865,2019-10-29
Vivo-Nex3-5G,蘇寧易購官方旗艦店,6198,533,2019-10-29
Vivo-Nex3,蘇寧易購官方旗艦店,4998,165,2019-10-29
華為-Mate30,蘇寧易購官方旗艦店,4299,3410,2019-10-29
三星-Note10,蘇寧易購官方旗艦店,6599,58,2019-10-29
三星-Note10-5G,蘇寧易購官方旗艦店,7999,415,2019-10-29
華為-Mate30,三際數碼官方旗艦店,4299,713,2019-10-29
華為-Mate30Pro,三際數碼官方旗艦店,5799,735,2019-10-29
三星-Note10,三際數碼官方旗艦店,6599,16,2019-10-29
三星-Note10-5G,三際數碼官方旗艦店,7999,162,2019-10-29
Vivo-Nex3-5G,Vivo官方旗艦店,5698,4759,2019-10-26
Vivo-Nex3,Vivo官方旗艦店,4998,713,2019-10-26
華為-Mate30,華為官方旗艦店,4299,29000,2019-10-26
華為-Mate30Pro,華為官方旗艦店,6299,50000,2019-10-26
三星-Note10,三星官方旗艦店,6599,491,2019-10-26
三星-Note10-5G,三星官方旗艦店,7999,8758,2019-10-26
Vivo-Nex3-5G,蘇寧易購官方旗艦店,6198,520,2019-10-26
Vivo-Nex3,蘇寧易購官方旗艦店,4998,160,2019-10-26
華為-Mate30,蘇寧易購官方旗艦店,4299,3295,2019-10-26
三星-Note10,蘇寧易購官方旗艦店,6599,54,2019-10-26
三星-Note10-5G,蘇寧易購官方旗艦店,7999,409,2019-10-26
華為-Mate30,三際數碼官方旗艦店,4299,659,2019-10-26
華為-Mate30Pro,三際數碼官方旗艦店,5799,687,2019-10-26
三星-Note10,三際數碼官方旗艦店,6599,15,2019-10-26
三星-Note10-5G,三際數碼官方旗艦店,7999,160,2019-10-26
Vivo-Nex3-5G,Vivo官方旗艦店,5698,4549,2019-10-21
Vivo-Nex3,Vivo官方旗艦店,4998,679,2019-10-21
華為-Mate30,華為官方旗艦店,4299,27000,2019-10-21
華為-Mate30Pro,華為官方旗艦店,5799,48000,2019-10-21
三星-Note10,三星官方旗艦店,6599,471,2019-10-21
三星-Note10-5G,三星官方旗艦店,7999,8373,2019-10-21
Vivo-Nex3-5G,蘇寧易購官方旗艦店,5698,487,2019-10-21
Vivo-Nex3,蘇寧易購官方旗艦店,4998,151,2019-10-21
華為-Mate30,蘇寧易購官方旗艦店,4299,3147,2019-10-21
三星-Note10,蘇寧易購官方旗艦店,6599,50,2019-10-21
三星-Note10-5G,蘇寧易購官方旗艦店,7999,395,2019-10-21
華為-Mate30,三際數碼官方旗艦店,4299,585,2019-10-21
華為-Mate30Pro,三際數碼官方旗艦店,5799,586,2019-10-21
三星-Note10,三際數碼官方旗艦店,6599,15,2019-10-21
三星-Note10-5G,三際數碼官方旗艦店,7999,155,2019-10-21
